season,team1,team2,toss_winner,toss_decision,venue,winner,result,result_margin,target_runs
1,Royal Challengers Bangalore,Kolkata Knight Riders,Royal Challengers Bangalore,field,M Chinnaswamy Stadium,Kolkata Knight Riders,runs,140.0,223.0
1,Punjab Kings,Chennai Super Kings,Chennai Super Kings,bat,"Punjab Cricket Association Stadium, Mohali",Chennai Super Kings,runs,33.0,241.0
1,Delhi Capitals,Rajasthan Royals,Rajasthan Royals,bat,Feroz Shah Kotla,Delhi Capitals,wickets,9.0,130.0
1,Mumbai Indians,Royal Challengers Bangalore,Mumbai Indians,bat,Wankhede Stadium,Royal Challengers Bangalore,wickets,5.0,166.0
1,Kolkata Knight Riders,Deccan Chargers,Deccan Chargers,bat,Eden Gardens,Kolkata Knight Riders,wickets,5.0,111.0
1,Rajasthan Royals,Punjab Kings,Punjab Kings,bat,Sawai Mansingh Stadium,Rajasthan Royals,wickets,6.0,167.0
1,Deccan Chargers,Delhi Capitals,Deccan Chargers,bat,"Rajiv Gandhi International Stadium, Uppal",Delhi Capitals,wickets,9.0,143.0
1,Chennai Super Kings,Mumbai Indians,Mumbai Indians,field,"MA Chidambaram Stadium, Chepauk",Chennai Super Kings,runs,6.0,209.0
1,Deccan Chargers,Rajasthan Royals,Rajasthan Royals,field,"Rajiv Gandhi International Stadium, Uppal",Rajasthan Royals,wickets,3.0,215.0
1,Punjab Kings,Mumbai Indians,Mumbai Indians,field,"Punjab Cricket Association Stadium, Mohali",Punjab Kings,runs,66.0,183.0
1,Chennai Super Kings,Kolkata Knight Riders,Kolkata Knight Riders,bat,"MA Chidambaram Stadium, Chepauk",Chennai Super Kings,wickets,7.0,136.0
1,Royal Challengers Bangalore,Rajasthan Royals,Rajasthan Royals,field,M Chinnaswamy Stadium,Rajasthan Royals,wickets,9.0,148.0
1,Mumbai Indians,Deccan Chargers,Deccan Chargers,field,Dr DY Patil Sports Academy,Deccan Chargers,wickets,10.0,155.0
1,Punjab Kings,Delhi Capitals,Delhi Capitals,bat,"Punjab Cricket Association Stadium, Mohali",Punjab Kings,wickets,4.0,159.0
1,Royal Challengers Bangalore,Chennai Super Kings,Chennai Super Kings,bat,M Chinnaswamy Stadium,Chennai Super Kings,runs,13.0,179.0
1,Kolkata Knight Riders,Mumbai Indians,Kolkata Knight Riders,bat,Eden Gardens,Mumbai Indians,wickets,7.0,138.0
1,Delhi Capitals,Royal Challengers Bangalore,Royal Challengers Bangalore,field,Feroz Shah Kotla,Delhi Capitals,runs,10.0,192.0
1,Rajasthan Royals,Kolkata Knight Riders,Rajasthan Royals,bat,Sawai Mansingh Stadium,Rajasthan Royals,wickets,7.0,165.0
1,Deccan Chargers,Punjab Kings,Punjab Kings,field,"Rajiv Gandhi International Stadium, Uppal",Punjab Kings,runs,45.0,197.0
1,Chennai Super Kings,Delhi Capitals,Chennai Super Kings,bat,"MA Chidambaram Stadium, Chepauk",Delhi Capitals,wickets,8.0,170.0
1,Royal Challengers Bangalore,Deccan Chargers,Deccan Chargers,field,M Chinnaswamy Stadium,Royal Challengers Bangalore,runs,9.0,179.0
1,Punjab Kings,Kolkata Knight Riders,Punjab Kings,bat,"Punjab Cricket Association Stadium, Mohali",Punjab Kings,runs,3.0,157.0
1,Rajasthan Royals,Chennai Super Kings,Chennai Super Kings,bat,Sawai Mansingh Stadium,Rajasthan Royals,runs,29.0,163.0
1,Mumbai Indians,Delhi Capitals,Delhi Capitals,field,Dr DY Patil Sports Academy,Mumbai Indians,wickets,8.0,110.0
1,Royal Challengers Bangalore,Punjab Kings,Punjab Kings,field,M Chinnaswamy Stadium,Punjab Kings,wickets,6.0,127.0
1,Chennai Super Kings,Deccan Chargers,Deccan Chargers,field,"MA Chidambaram Stadium, Chepauk",Deccan Chargers,wickets,7.0,145.0
1,Mumbai Indians,Rajasthan Royals,Mumbai Indians,field,Dr DY Patil Sports Academy,Mumbai Indians,wickets,7.0,104.0
1,Delhi Capitals,Chennai Super Kings,Chennai Super Kings,field,Feroz Shah Kotla,Chennai Super Kings,wickets,4.0,188.0
1,Kolkata Knight Riders,Royal Challengers Bangalore,Kolkata Knight Riders,bat,Eden Gardens,Kolkata Knight Riders,runs,5.0,130.0
1,Rajasthan Royals,Deccan Chargers,Rajasthan Royals,field,Sawai Mansingh Stadium,Rajasthan Royals,wickets,8.0,141.0
1,Chennai Super Kings,Punjab Kings,Punjab Kings,field,"MA Chidambaram Stadium, Chepauk",Chennai Super Kings,runs,18.0,182.0
1,Rajasthan Royals,Delhi Capitals,Rajasthan Royals,field,Sawai Mansingh Stadium,Rajasthan Royals,runs,23.0,205.0
1,Deccan Chargers,Kolkata Knight Riders,Kolkata Knight Riders,bat,"Rajiv Gandhi International Stadium, Uppal",Kolkata Knight Riders,wickets,3.0,157.0
1,Punjab Kings,Royal Challengers Bangalore,Royal Challengers Bangalore,bat,"Punjab Cricket Association Stadium, Mohali",Punjab Kings,wickets,9.0,144.0
1,Kolkata Knight Riders,Delhi Capitals,Kolkata Knight Riders,bat,Eden Gardens,Kolkata Knight Riders,runs,23.0,134.0
1,Mumbai Indians,Chennai Super Kings,Mumbai Indians,field,Wankhede Stadium,Mumbai Indians,wickets,9.0,157.0
1,Delhi Capitals,Deccan Chargers,Deccan Chargers,field,Feroz Shah Kotla,Delhi Capitals,runs,12.0,195.0
1,Mumbai Indians,Kolkata Knight Riders,Mumbai Indians,field,Wankhede Stadium,Mumbai Indians,wickets,8.0,68.0
1,Delhi Capitals,Punjab Kings,Delhi Capitals,bat,Feroz Shah Kotla,Punjab Kings,runs,6.0,89.0
1,Rajasthan Royals,Royal Challengers Bangalore,Royal Challengers Bangalore,field,Sawai Mansingh Stadium,Rajasthan Royals,runs,65.0,198.0
1,Deccan Chargers,Mumbai Indians,Deccan Chargers,field,"Rajiv Gandhi International Stadium, Uppal",Mumbai Indians,runs,25.0,179.0
1,Kolkata Knight Riders,Chennai Super Kings,Kolkata Knight Riders,bat,Eden Gardens,Chennai Super Kings,runs,3.0,53.0
1,Royal Challengers Bangalore,Delhi Capitals,Delhi Capitals,field,M Chinnaswamy Stadium,Delhi Capitals,wickets,5.0,155.0
1,Kolkata Knight Riders,Rajasthan Royals,Rajasthan Royals,field,Eden Gardens,Rajasthan Royals,wickets,6.0,148.0
1,Chennai Super Kings,Royal Challengers Bangalore,Royal Challengers Bangalore,bat,"MA Chidambaram Stadium, Chepauk",Royal Challengers Bangalore,runs,1.0,190.0
1,Mumbai Indians,Punjab Kings,Mumbai Indians,field,Wankhede Stadium,Punjab Kings,runs,14.0,127.0
1,Punjab Kings,Deccan Chargers,Punjab Kings,field,"Punjab Cricket Association Stadium, Mohali",Punjab Kings,wickets,6.0,176.0
1,Chennai Super Kings,Rajasthan Royals,Rajasthan Royals,bat,"MA Chidambaram Stadium, Chepauk",Rajasthan Royals,wickets,5.0,177.0
1,Delhi Capitals,Mumbai Indians,Delhi Capitals,field,Feroz Shah Kotla,Delhi Capitals,runs,10.0,212.0
1,Kolkata Knight Riders,Punjab Kings,Punjab Kings,bat,Eden Gardens,Kolkata Knight Riders,wickets,5.0,166.0
1,Deccan Chargers,Royal Challengers Bangalore,Deccan Chargers,bat,"Rajiv Gandhi International Stadium, Uppal",Royal Challengers Bangalore,wickets,3.0,175.0
1,Rajasthan Royals,Mumbai Indians,Rajasthan Royals,field,Sawai Mansingh Stadium,Rajasthan Royals,wickets,5.0,146.0
1,Deccan Chargers,Chennai Super Kings,Deccan Chargers,bat,"Rajiv Gandhi International Stadium, Uppal",Chennai Super Kings,wickets,7.0,148.0
1,Punjab Kings,Rajasthan Royals,Rajasthan Royals,field,"Punjab Cricket Association Stadium, Mohali",Punjab Kings,wickets,9.0,123.0
1,Royal Challengers Bangalore,Mumbai Indians,Mumbai Indians,field,M Chinnaswamy Stadium,Mumbai Indians,runs,41.0,222.0
1,Delhi Capitals,Rajasthan Royals,Delhi Capitals,field,Wankhede Stadium,Rajasthan Royals,runs,105.0,193.0
1,Chennai Super Kings,Punjab Kings,Punjab Kings,bat,Wankhede Stadium,Chennai Super Kings,wickets,9.0,113.0
1,Chennai Super Kings,Rajasthan Royals,Rajasthan Royals,field,Dr DY Patil Sports Academy,Rajasthan Royals,wickets,3.0,164.0
2,Royal Challengers Bangalore,Rajasthan Royals,Royal Challengers Bangalore,bat,Newlands,Royal Challengers Bangalore,runs,19.0,166.0
2,Chennai Super Kings,Mumbai Indians,Chennai Super Kings,field,Newlands,Mumbai Indians,runs,75.0,134.0
2,Deccan Chargers,Kolkata Knight Riders,Kolkata Knight Riders,bat,Newlands,Deccan Chargers,wickets,10.0,54.0
2,Delhi Capitals,Punjab Kings,Delhi Capitals,field,Newlands,Delhi Capitals,wickets,8.0,102.0
2,Royal Challengers Bangalore,Chennai Super Kings,Chennai Super Kings,bat,St George's Park,Chennai Super Kings,runs,92.0,180.0
2,Punjab Kings,Kolkata Knight Riders,Kolkata Knight Riders,field,Kingsmead,Kolkata Knight Riders,runs,11.0,69.0
2,Royal Challengers Bangalore,Deccan Chargers,Deccan Chargers,bat,Newlands,Deccan Chargers,runs,24.0,185.0
2,Chennai Super Kings,Delhi Capitals,Delhi Capitals,bat,Kingsmead,Delhi Capitals,runs,9.0,190.0
2,Kolkata Knight Riders,Rajasthan Royals,Kolkata Knight Riders,field,Newlands,,tie,,151.0
2,Royal Challengers Bangalore,Punjab Kings,Royal Challengers Bangalore,bat,Kingsmead,Punjab Kings,wickets,7.0,169.0
2,Deccan Chargers,Mumbai Indians,Deccan Chargers,bat,Kingsmead,Deccan Chargers,runs,12.0,169.0
2,Punjab Kings,Rajasthan Royals,Punjab Kings,bat,Newlands,Punjab Kings,wickets,6.0,150.0
2,Royal Challengers Bangalore,Delhi Capitals,Royal Challengers Bangalore,bat,St George's Park,Delhi Capitals,runs,27.0,140.0
2,Chennai Super Kings,Deccan Chargers,Deccan Chargers,field,Kingsmead,Deccan Chargers,wickets,6.0,166.0
2,Kolkata Knight Riders,Mumbai Indians,Mumbai Indians,bat,St George's Park,Mumbai Indians,runs,92.0,188.0
2,Delhi Capitals,Rajasthan Royals,Delhi Capitals,bat,SuperSport Park,Rajasthan Royals,wickets,5.0,144.0
2,Royal Challengers Bangalore,Kolkata Knight Riders,Kolkata Knight Riders,bat,Kingsmead,Royal Challengers Bangalore,wickets,5.0,140.0
2,Punjab Kings,Mumbai Indians,Punjab Kings,bat,Kingsmead,Punjab Kings,runs,3.0,120.0
2,Chennai Super Kings,Rajasthan Royals,Rajasthan Royals,field,SuperSport Park,Chennai Super Kings,wickets,6.0,149.0
2,Deccan Chargers,Delhi Capitals,Delhi Capitals,field,SuperSport Park,Delhi Capitals,runs,38.0,165.0
2,Kolkata Knight Riders,Mumbai Indians,Mumbai Indians,bat,Buffalo Park,Mumbai Indians,runs,9.0,149.0
2,Royal Challengers Bangalore,Punjab Kings,Royal Challengers Bangalore,bat,Kingsmead,Royal Challengers Bangalore,runs,8.0,146.0
2,Deccan Chargers,Rajasthan Royals,Deccan Chargers,bat,St George's Park,Rajasthan Royals,wickets,3.0,142.0
2,Chennai Super Kings,Delhi Capitals,Delhi Capitals,field,New Wanderers Stadium,Chennai Super Kings,runs,18.0,164.0
2,Punjab Kings,Kolkata Knight Riders,Kolkata Knight Riders,bat,St George's Park,Punjab Kings,wickets,6.0,154.0
2,Royal Challengers Bangalore,Mumbai Indians,Mumbai Indians,bat,New Wanderers Stadium,Royal Challengers Bangalore,wickets,9.0,150.0
2,Chennai Super Kings,Deccan Chargers,Chennai Super Kings,bat,Buffalo Park,Chennai Super Kings,runs,78.0,179.0
2,Punjab Kings,Rajasthan Royals,Punjab Kings,field,Kingsmead,Rajasthan Royals,runs,78.0,212.0
2,Delhi Capitals,Kolkata Knight Riders,Kolkata Knight Riders,bat,Kingsmead,Delhi Capitals,wickets,9.0,155.0
2,Deccan Chargers,Mumbai Indians,Deccan Chargers,bat,SuperSport Park,Deccan Chargers,runs,19.0,146.0
2,Chennai Super Kings,Punjab Kings,Chennai Super Kings,bat,SuperSport Park,Chennai Super Kings,wickets,7.0,106.0
2,Royal Challengers Bangalore,Rajasthan Royals,Rajasthan Royals,field,SuperSport Park,Rajasthan Royals,runs,12.0,187.0
2,Delhi Capitals,Mumbai Indians,Mumbai Indians,bat,Buffalo Park,Delhi Capitals,wickets,7.0,117.0
2,Chennai Super Kings,Rajasthan Royals,Rajasthan Royals,bat,De Beers Diamond Oval,Chennai Super Kings,wickets,3.0,169.0
2,Deccan Chargers,Punjab Kings,Punjab Kings,field,De Beers Diamond Oval,Punjab Kings,wickets,7.0,141.0
2,Royal Challengers Bangalore,Mumbai Indians,Mumbai Indians,bat,St George's Park,Mumbai Indians,runs,16.0,158.0
2,Delhi Capitals,Kolkata Knight Riders,Delhi Capitals,field,New Wanderers Stadium,Delhi Capitals,wickets,7.0,124.0
2,Deccan Chargers,Rajasthan Royals,Deccan Chargers,bat,De Beers Diamond Oval,Deccan Chargers,runs,53.0,167.0
2,Royal Challengers Bangalore,Kolkata Knight Riders,Royal Challengers Bangalore,field,SuperSport Park,Royal Challengers Bangalore,wickets,6.0,174.0
2,Punjab Kings,Mumbai Indians,Punjab Kings,bat,SuperSport Park,Mumbai Indians,wickets,8.0,120.0
2,Deccan Chargers,Delhi Capitals,Deccan Chargers,field,Kingsmead,Delhi Capitals,runs,12.0,174.0
2,Royal Challengers Bangalore,Chennai Super Kings,Chennai Super Kings,bat,Kingsmead,Royal Challengers Bangalore,wickets,2.0,130.0
2,Mumbai Indians,Rajasthan Royals,Rajasthan Royals,bat,Kingsmead,Rajasthan Royals,runs,2.0,146.0
2,Delhi Capitals,Punjab Kings,Punjab Kings,field,OUTsurance Oval,Punjab Kings,wickets,6.0,121.0
2,Chennai Super Kings,Mumbai Indians,Mumbai Indians,bat,St George's Park,Chennai Super Kings,wickets,7.0,148.0
2,Deccan Chargers,Kolkata Knight Riders,Deccan Chargers,field,New Wanderers Stadium,Deccan Chargers,wickets,6.0,161.0
2,Deccan Chargers,Punjab Kings,Deccan Chargers,field,New Wanderers Stadium,Punjab Kings,runs,1.0,135.0
2,Delhi Capitals,Rajasthan Royals,Delhi Capitals,bat,OUTsurance Oval,Delhi Capitals,runs,14.0,151.0
2,Chennai Super Kings,Kolkata Knight Riders,Chennai Super Kings,bat,SuperSport Park,Kolkata Knight Riders,wickets,7.0,189.0
2,Royal Challengers Bangalore,Delhi Capitals,Delhi Capitals,bat,New Wanderers Stadium,Royal Challengers Bangalore,wickets,7.0,135.0
2,Kolkata Knight Riders,Rajasthan Royals,Kolkata Knight Riders,field,Kingsmead,Kolkata Knight Riders,wickets,4.0,102.0
2,Chennai Super Kings,Punjab Kings,Chennai Super Kings,bat,Kingsmead,Chennai Super Kings,runs,24.0,117.0
2,Delhi Capitals,Mumbai Indians,Delhi Capitals,field,SuperSport Park,Delhi Capitals,wickets,4.0,166.0
2,Royal Challengers Bangalore,Deccan Chargers,Royal Challengers Bangalore,bat,SuperSport Park,Royal Challengers Bangalore,runs,12.0,171.0
2,Delhi Capitals,Deccan Chargers,Deccan Chargers,field,SuperSport Park,Deccan Chargers,wickets,6.0,154.0
2,Royal Challengers Bangalore,Chennai Super Kings,Royal Challengers Bangalore,field,New Wanderers Stadium,Royal Challengers Bangalore,wickets,6.0,147.0
2,Royal Challengers Bangalore,Deccan Chargers,Royal Challengers Bangalore,field,New Wanderers Stadium,Deccan Chargers,runs,6.0,144.0
3,Deccan Chargers,Kolkata Knight Riders,Deccan Chargers,field,Dr DY Patil Sports Academy,Kolkata Knight Riders,runs,11.0,162.0
3,Mumbai Indians,Rajasthan Royals,Mumbai Indians,bat,Brabourne Stadium,Mumbai Indians,runs,4.0,213.0
3,Punjab Kings,Delhi Capitals,Delhi Capitals,field,"Punjab Cricket Association Stadium, Mohali",Delhi Capitals,wickets,5.0,143.0
3,Kolkata Knight Riders,Royal Challengers Bangalore,Kolkata Knight Riders,field,Eden Gardens,Kolkata Knight Riders,wickets,7.0,136.0
3,Chennai Super Kings,Deccan Chargers,Deccan Chargers,bat,"MA Chidambaram Stadium, Chepauk",Deccan Chargers,runs,31.0,191.0
3,Rajasthan Royals,Delhi Capitals,Delhi Capitals,field,"Sardar Patel Stadium, Motera",Delhi Capitals,wickets,6.0,142.0
3,Royal Challengers Bangalore,Punjab Kings,Punjab Kings,bat,M Chinnaswamy Stadium,Royal Challengers Bangalore,wickets,8.0,204.0
3,Kolkata Knight Riders,Chennai Super Kings,Chennai Super Kings,bat,Eden Gardens,Chennai Super Kings,runs,55.0,165.0
3,Delhi Capitals,Mumbai Indians,Delhi Capitals,field,Feroz Shah Kotla,Mumbai Indians,runs,98.0,219.0
3,Royal Challengers Bangalore,Rajasthan Royals,Royal Challengers Bangalore,field,M Chinnaswamy Stadium,Royal Challengers Bangalore,wickets,10.0,93.0
3,Deccan Chargers,Punjab Kings,Punjab Kings,field,Barabati Stadium,Deccan Chargers,wickets,5.0,186.0
3,Delhi Capitals,Chennai Super Kings,Delhi Capitals,bat,Feroz Shah Kotla,Chennai Super Kings,runs,6.0,171.0
3,Mumbai Indians,Royal Challengers Bangalore,Mumbai Indians,bat,Brabourne Stadium,Royal Challengers Bangalore,runs,34.0,169.0
3,Rajasthan Royals,Kolkata Knight Riders,Rajasthan Royals,bat,"Sardar Patel Stadium, Motera",Rajasthan Royals,wickets,7.0,152.0
3,Deccan Chargers,Delhi Capitals,Deccan Chargers,bat,Barabati Stadium,Deccan Chargers,runs,10.0,172.0
3,Chennai Super Kings,Punjab Kings,Chennai Super Kings,field,"MA Chidambaram Stadium, Chepauk",,tie,,137.0
3,Mumbai Indians,Kolkata Knight Riders,Kolkata Knight Riders,bat,Brabourne Stadium,Mumbai Indians,wickets,7.0,156.0
3,Royal Challengers Bangalore,Chennai Super Kings,Chennai Super Kings,field,M Chinnaswamy Stadium,Royal Challengers Bangalore,runs,36.0,172.0
3,Punjab Kings,Rajasthan Royals,Punjab Kings,field,"Punjab Cricket Association Stadium, Mohali",Rajasthan Royals,runs,31.0,184.0
3,Chennai Super Kings,Mumbai Indians,Mumbai Indians,field,"Brabourne Stadium, Mumbai",Mumbai Indians,wickets,5.0,181.0
3,Royal Challengers Bangalore,Delhi Capitals,Royal Challengers Bangalore,field,M Chinnaswamy Stadium,Delhi Capitals,runs,17.0,184.0
3,Rajasthan Royals,Deccan Chargers,Deccan Chargers,bat,"Sardar Patel Stadium, Motera",Rajasthan Royals,wickets,8.0,149.0
3,Punjab Kings,Kolkata Knight Riders,Kolkata Knight Riders,bat,"Punjab Cricket Association Stadium, Mohali",Kolkata Knight Riders,runs,39.0,184.0
3,Rajasthan Royals,Chennai Super Kings,Rajasthan Royals,bat,"Sardar Patel Stadium, Motera",Rajasthan Royals,runs,17.0,178.0
3,Deccan Chargers,Mumbai Indians,Deccan Chargers,field,Dr DY Patil Sports Academy,Mumbai Indians,runs,41.0,173.0
3,Delhi Capitals,Kolkata Knight Riders,Delhi Capitals,bat,Feroz Shah Kotla,Delhi Capitals,runs,40.0,178.0
3,Mumbai Indians,Punjab Kings,Mumbai Indians,field,Brabourne Stadium,Mumbai Indians,wickets,4.0,164.0
3,Delhi Capitals,Rajasthan Royals,Delhi Capitals,bat,Feroz Shah Kotla,Delhi Capitals,wickets,5.0,162.0
3,Chennai Super Kings,Royal Challengers Bangalore,Royal Challengers Bangalore,bat,"MA Chidambaram Stadium, Chepauk",Chennai Super Kings,runs,67.0,189.0
3,Kolkata Knight Riders,Deccan Chargers,Kolkata Knight Riders,bat,Eden Gardens,Kolkata Knight Riders,runs,24.0,182.0
3,Punjab Kings,Royal Challengers Bangalore,Punjab Kings,bat,"Punjab Cricket Association Stadium, Mohali",Royal Challengers Bangalore,wickets,6.0,182.0
3,Mumbai Indians,Deccan Chargers,Mumbai Indians,bat,Brabourne Stadium,Mumbai Indians,runs,23.0,247.0
3,Chennai Super Kings,Rajasthan Royals,Chennai Super Kings,bat,"MA Chidambaram Stadium, Chepauk",Chennai Super Kings,runs,63.0,179.0
3,Kolkata Knight Riders,Punjab Kings,Kolkata Knight Riders,bat,Eden Gardens,Punjab Kings,wickets,8.0,201.0
3,Delhi Capitals,Royal Challengers Bangalore,Delhi Capitals,bat,Feroz Shah Kotla,Delhi Capitals,runs,37.0,185.0
3,Deccan Chargers,Rajasthan Royals,Rajasthan Royals,bat,"Vidarbha Cricket Association Stadium, Jamtha",Rajasthan Royals,runs,2.0,160.0
3,Chennai Super Kings,Mumbai Indians,Chennai Super Kings,bat,"MA Chidambaram Stadium, Chepauk",Chennai Super Kings,runs,24.0,166.0
3,Rajasthan Royals,Punjab Kings,Punjab Kings,bat,Sawai Mansingh Stadium,Rajasthan Royals,wickets,9.0,154.0
3,Kolkata Knight Riders,Delhi Capitals,Kolkata Knight Riders,bat,Eden Gardens,Kolkata Knight Riders,runs,14.0,182.0
3,Royal Challengers Bangalore,Deccan Chargers,Deccan Chargers,field,M Chinnaswamy Stadium,Deccan Chargers,wickets,7.0,185.0
3,Punjab Kings,Mumbai Indians,Mumbai Indians,bat,"Punjab Cricket Association Stadium, Mohali",Punjab Kings,wickets,6.0,155.0
3,Deccan Chargers,Chennai Super Kings,Chennai Super Kings,bat,"Vidarbha Cricket Association Stadium, Jamtha",Deccan Chargers,wickets,6.0,139.0
3,Royal Challengers Bangalore,Kolkata Knight Riders,Royal Challengers Bangalore,field,M Chinnaswamy Stadium,Royal Challengers Bangalore,wickets,7.0,161.0
3,Delhi Capitals,Punjab Kings,Delhi Capitals,bat,Feroz Shah Kotla,Punjab Kings,wickets,7.0,112.0
3,Rajasthan Royals,Mumbai Indians,Rajasthan Royals,field,Sawai Mansingh Stadium,Mumbai Indians,runs,37.0,175.0
3,Deccan Chargers,Royal Challengers Bangalore,Royal Challengers Bangalore,field,"Vidarbha Cricket Association Stadium, Jamtha",Deccan Chargers,runs,13.0,152.0
3,Chennai Super Kings,Kolkata Knight Riders,Kolkata Knight Riders,bat,"MA Chidambaram Stadium, Chepauk",Chennai Super Kings,runs,39.0,184.0
3,Mumbai Indians,Delhi Capitals,Mumbai Indians,bat,Brabourne Stadium,Mumbai Indians,wickets,9.0,140.0
3,Rajasthan Royals,Royal Challengers Bangalore,Rajasthan Royals,bat,Sawai Mansingh Stadium,Royal Challengers Bangalore,wickets,5.0,131.0
3,Chennai Super Kings,Delhi Capitals,Chennai Super Kings,bat,"MA Chidambaram Stadium, Chepauk",Delhi Capitals,wickets,6.0,113.0
3,Punjab Kings,Deccan Chargers,Deccan Chargers,field,Himachal Pradesh Cricket Association Stadium,Deccan Chargers,wickets,5.0,175.0
3,Royal Challengers Bangalore,Mumbai Indians,Royal Challengers Bangalore,field,M Chinnaswamy Stadium,Mumbai Indians,runs,57.0,192.0
3,Kolkata Knight Riders,Rajasthan Royals,Rajasthan Royals,bat,Eden Gardens,Kolkata Knight Riders,wickets,8.0,133.0
3,Delhi Capitals,Deccan Chargers,Deccan Chargers,bat,Feroz Shah Kotla,Deccan Chargers,wickets,6.0,193.0
3,Punjab Kings,Chennai Super Kings,Chennai Super Kings,field,Himachal Pradesh Cricket Association Stadium,Chennai Super Kings,runs,11.0,146.0
3,Kolkata Knight Riders,Mumbai Indians,Mumbai Indians,bat,Eden Gardens,Kolkata Knight Riders,wickets,9.0,134.0
3,Royal Challengers Bangalore,Mumbai Indians,Mumbai Indians,bat,Dr DY Patil Sports Academy,Mumbai Indians,runs,35.0,185.0
3,Chennai Super Kings,Deccan Chargers,Chennai Super Kings,bat,Dr DY Patil Sports Academy,Chennai Super Kings,runs,38.0,143.0
3,Royal Challengers Bangalore,Deccan Chargers,Deccan Chargers,bat,Dr DY Patil Sports Academy,Royal Challengers Bangalore,wickets,9.0,83.0
3,Chennai Super Kings,Mumbai Indians,Chennai Super Kings,bat,Dr DY Patil Sports Academy,Chennai Super Kings,runs,22.0,169.0
4,Chennai Super Kings,Kolkata Knight Riders,Chennai Super Kings,bat,"MA Chidambaram Stadium, Chepauk",Chennai Super Kings,runs,2.0,154.0
4,Deccan Chargers,Rajasthan Royals,Rajasthan Royals,field,"Rajiv Gandhi International Stadium, Uppal",Rajasthan Royals,wickets,8.0,138.0
4,Kochi Tuskers Kerala,Royal Challengers Bangalore,Kochi Tuskers Kerala,bat,Nehru Stadium,Royal Challengers Bangalore,wickets,6.0,162.0
4,Delhi Capitals,Mumbai Indians,Delhi Capitals,bat,Feroz Shah Kotla,Mumbai Indians,wickets,8.0,96.0
4,Pune Warriors,Punjab Kings,Punjab Kings,bat,Dr DY Patil Sports Academy,Pune Warriors,wickets,7.0,113.0
4,Kolkata Knight Riders,Deccan Chargers,Kolkata Knight Riders,bat,Eden Gardens,Kolkata Knight Riders,runs,9.0,164.0
4,Royal Challengers Bangalore,Mumbai Indians,Mumbai Indians,field,M Chinnaswamy Stadium,Mumbai Indians,wickets,6.0,152.0
4,Rajasthan Royals,Delhi Capitals,Delhi Capitals,bat,Sawai Mansingh Stadium,Rajasthan Royals,wickets,9.0,141.0
4,Pune Warriors,Kochi Tuskers Kerala,Kochi Tuskers Kerala,bat,Dr DY Patil Sports Academy,Pune Warriors,wickets,6.0,189.0
4,Punjab Kings,Chennai Super Kings,Punjab Kings,field,"Punjab Cricket Association Stadium, Mohali",Punjab Kings,wickets,4.0,149.0
4,Deccan Chargers,Royal Challengers Bangalore,Royal Challengers Bangalore,field,"Rajiv Gandhi International Stadium, Uppal",Deccan Chargers,runs,33.0,176.0
4,Mumbai Indians,Kochi Tuskers Kerala,Kochi Tuskers Kerala,field,Wankhede Stadium,Kochi Tuskers Kerala,wickets,9.0,160.0
4,Rajasthan Royals,Kolkata Knight Riders,Kolkata Knight Riders,field,Sawai Mansingh Stadium,Kolkata Knight Riders,wickets,8.0,183.0
4,Chennai Super Kings,Royal Challengers Bangalore,Chennai Super Kings,bat,"MA Chidambaram Stadium, Chepauk",Chennai Super Kings,runs,21.0,184.0
4,Deccan Chargers,Punjab Kings,Punjab Kings,field,"Rajiv Gandhi International Stadium, Uppal",Punjab Kings,wickets,8.0,166.0
4,Pune Warriors,Delhi Capitals,Delhi Capitals,field,Dr DY Patil Sports Academy,Delhi Capitals,wickets,3.0,188.0
4,Kolkata Knight Riders,Rajasthan Royals,Kolkata Knight Riders,field,Eden Gardens,Kolkata Knight Riders,wickets,8.0,82.0
4,Kochi Tuskers Kerala,Chennai Super Kings,Kochi Tuskers Kerala,field,Nehru Stadium,Kochi Tuskers Kerala,wickets,7.0,135.0
4,Delhi Capitals,Deccan Chargers,Deccan Chargers,bat,Feroz Shah Kotla,Deccan Chargers,runs,16.0,169.0
4,Kolkata Knight Riders,Kochi Tuskers Kerala,Kolkata Knight Riders,field,Eden Gardens,Kochi Tuskers Kerala,wickets,7.0,119.0
4,Mumbai Indians,Pune Warriors,Pune Warriors,bat,Wankhede Stadium,Mumbai Indians,runs,6.0,133.0
4,Punjab Kings,Rajasthan Royals,Rajasthan Royals,field,"Punjab Cricket Association Stadium, Mohali",Punjab Kings,runs,48.0,196.0
4,Mumbai Indians,Chennai Super Kings,Chennai Super Kings,field,Wankhede Stadium,Mumbai Indians,runs,8.0,165.0
4,Kolkata Knight Riders,Royal Challengers Bangalore,Royal Challengers Bangalore,field,Eden Gardens,Royal Challengers Bangalore,wickets,9.0,172.0
4,Delhi Capitals,Punjab Kings,Punjab Kings,field,Feroz Shah Kotla,Delhi Capitals,runs,29.0,232.0
4,Deccan Chargers,Mumbai Indians,Deccan Chargers,field,"Rajiv Gandhi International Stadium, Uppal",Mumbai Indians,runs,37.0,173.0
4,Rajasthan Royals,Kochi Tuskers Kerala,Rajasthan Royals,field,Sawai Mansingh Stadium,Rajasthan Royals,wickets,8.0,110.0
4,Chennai Super Kings,Pune Warriors,Pune Warriors,field,"MA Chidambaram Stadium, Chepauk",Chennai Super Kings,runs,25.0,143.0
4,Delhi Capitals,Royal Challengers Bangalore,Royal Challengers Bangalore,field,Feroz Shah Kotla,Royal Challengers Bangalore,wickets,3.0,161.0
4,Kochi Tuskers Kerala,Deccan Chargers,Kochi Tuskers Kerala,field,Nehru Stadium,Deccan Chargers,wickets,8.0,142.0
4,Pune Warriors,Chennai Super Kings,Pune Warriors,bat,Dr DY Patil Sports Academy,Chennai Super Kings,runs,55.0,130.0
4,Delhi Capitals,Kolkata Knight Riders,Delhi Capitals,field,Feroz Shah Kotla,Kolkata Knight Riders,runs,17.0,149.0
4,Royal Challengers Bangalore,Pune Warriors,Pune Warriors,field,M Chinnaswamy Stadium,Royal Challengers Bangalore,wickets,7.0,95.0
4,Rajasthan Royals,Mumbai Indians,Rajasthan Royals,field,Sawai Mansingh Stadium,Rajasthan Royals,runs,26.0,182.0
4,Kolkata Knight Riders,Punjab Kings,Kolkata Knight Riders,field,Eden Gardens,Kolkata Knight Riders,runs,38.0,158.0
4,Kochi Tuskers Kerala,Delhi Capitals,Delhi Capitals,bat,Nehru Stadium,Delhi Capitals,wickets,8.0,120.0
4,Rajasthan Royals,Pune Warriors,Rajasthan Royals,field,Sawai Mansingh Stadium,Rajasthan Royals,wickets,6.0,144.0
4,Chennai Super Kings,Deccan Chargers,Chennai Super Kings,bat,"MA Chidambaram Stadium, Chepauk",Chennai Super Kings,runs,19.0,166.0
4,Delhi Capitals,Kochi Tuskers Kerala,Kochi Tuskers Kerala,field,Feroz Shah Kotla,Kochi Tuskers Kerala,runs,23.0,160.0
4,Mumbai Indians,Punjab Kings,Punjab Kings,field,Wankhede Stadium,Mumbai Indians,wickets,7.0,141.0
4,Deccan Chargers,Kolkata Knight Riders,Deccan Chargers,field,"Rajiv Gandhi International Stadium, Uppal",Kolkata Knight Riders,runs,20.0,170.0
4,Chennai Super Kings,Rajasthan Royals,Rajasthan Royals,bat,"MA Chidambaram Stadium, Chepauk",Chennai Super Kings,wickets,8.0,148.0
4,Pune Warriors,Mumbai Indians,Pune Warriors,field,Dr DY Patil Sports Academy,Mumbai Indians,runs,21.0,161.0
4,Kochi Tuskers Kerala,Kolkata Knight Riders,Kolkata Knight Riders,field,Nehru Stadium,Kochi Tuskers Kerala,runs,17.0,157.0
4,Deccan Chargers,Delhi Capitals,Delhi Capitals,field,"Rajiv Gandhi International Stadium, Uppal",Delhi Capitals,wickets,4.0,176.0
4,Royal Challengers Bangalore,Punjab Kings,Punjab Kings,field,M Chinnaswamy Stadium,Royal Challengers Bangalore,runs,85.0,206.0
4,Mumbai Indians,Delhi Capitals,Delhi Capitals,field,Wankhede Stadium,Mumbai Indians,runs,10.0,52.0
4,Kolkata Knight Riders,Chennai Super Kings,Chennai Super Kings,bat,Eden Gardens,Kolkata Knight Riders,runs,32.0,179.0
4,Punjab Kings,Pune Warriors,Punjab Kings,bat,"Punjab Cricket Association Stadium, Mohali",Pune Warriors,wickets,9.0,126.0
4,Royal Challengers Bangalore,Kochi Tuskers Kerala,Kochi Tuskers Kerala,bat,M Chinnaswamy Stadium,Royal Challengers Bangalore,wickets,5.0,120.0
4,Rajasthan Royals,Chennai Super Kings,Rajasthan Royals,field,Sawai Mansingh Stadium,Chennai Super Kings,runs,63.0,197.0
4,Punjab Kings,Mumbai Indians,Mumbai Indians,field,"Punjab Cricket Association Stadium, Mohali",Punjab Kings,wickets,6.0,137.0
4,Deccan Chargers,Pune Warriors,Deccan Chargers,bat,"Rajiv Gandhi International Stadium, Uppal",Pune Warriors,runs,76.0,164.0
4,Rajasthan Royals,Royal Challengers Bangalore,Royal Challengers Bangalore,field,Sawai Mansingh Stadium,Royal Challengers Bangalore,wickets,9.0,147.0
4,Chennai Super Kings,Delhi Capitals,Chennai Super Kings,bat,"MA Chidambaram Stadium, Chepauk",Chennai Super Kings,runs,18.0,177.0
4,Kochi Tuskers Kerala,Punjab Kings,Punjab Kings,field,Holkar Cricket Stadium,Punjab Kings,wickets,6.0,179.0
4,Mumbai Indians,Deccan Chargers,Deccan Chargers,bat,Wankhede Stadium,Deccan Chargers,wickets,4.0,102.0
4,Royal Challengers Bangalore,Kolkata Knight Riders,Royal Challengers Bangalore,field,M Chinnaswamy Stadium,Royal Challengers Bangalore,runs,10.0,136.0
4,Kochi Tuskers Kerala,Rajasthan Royals,Kochi Tuskers Kerala,field,Holkar Cricket Stadium,Kochi Tuskers Kerala,runs,29.0,171.0
4,Punjab Kings,Delhi Capitals,Delhi Capitals,field,Himachal Pradesh Cricket Association Stadium,Punjab Kings,wickets,8.0,98.0
4,Pune Warriors,Deccan Chargers,Deccan Chargers,field,Dr DY Patil Sports Academy,Deccan Chargers,wickets,6.0,137.0
4,Punjab Kings,Royal Challengers Bangalore,Punjab Kings,bat,Himachal Pradesh Cricket Association Stadium,Punjab Kings,runs,111.0,233.0
4,Chennai Super Kings,Kochi Tuskers Kerala,Chennai Super Kings,bat,"MA Chidambaram Stadium, Chepauk",Chennai Super Kings,runs,11.0,153.0
4,Pune Warriors,Kolkata Knight Riders,Kolkata Knight Riders,field,Dr DY Patil Sports Academy,Kolkata Knight Riders,wickets,7.0,119.0
4,Mumbai Indians,Rajasthan Royals,Mumbai Indians,bat,Wankhede Stadium,Rajasthan Royals,wickets,10.0,134.0
4,Punjab Kings,Deccan Chargers,Punjab Kings,field,Himachal Pradesh Cricket Association Stadium,Deccan Chargers,runs,82.0,199.0
4,Delhi Capitals,Pune Warriors,Delhi Capitals,bat,Feroz Shah Kotla,,no result,,
4,Royal Challengers Bangalore,Chennai Super Kings,Royal Challengers Bangalore,field,M Chinnaswamy Stadium,Royal Challengers Bangalore,wickets,8.0,129.0
4,Kolkata Knight Riders,Mumbai Indians,Mumbai Indians,field,Eden Gardens,Mumbai Indians,wickets,5.0,176.0
4,Royal Challengers Bangalore,Chennai Super Kings,Chennai Super Kings,field,Wankhede Stadium,Chennai Super Kings,wickets,6.0,176.0
4,Mumbai Indians,Kolkata Knight Riders,Mumbai Indians,field,Wankhede Stadium,Mumbai Indians,wickets,4.0,148.0
4,Royal Challengers Bangalore,Mumbai Indians,Mumbai Indians,field,"MA Chidambaram Stadium, Chepauk",Royal Challengers Bangalore,runs,43.0,186.0
4,Chennai Super Kings,Royal Challengers Bangalore,Chennai Super Kings,bat,"MA Chidambaram Stadium, Chepauk",Chennai Super Kings,runs,58.0,206.0
5,Chennai Super Kings,Mumbai Indians,Mumbai Indians,field,"MA Chidambaram Stadium, Chepauk",Mumbai Indians,wickets,8.0,113.0
5,Kolkata Knight Riders,Delhi Capitals,Delhi Capitals,field,Eden Gardens,Delhi Capitals,wickets,8.0,98.0
5,Mumbai Indians,Pune Warriors,Mumbai Indians,field,Wankhede Stadium,Pune Warriors,runs,28.0,130.0
5,Rajasthan Royals,Punjab Kings,Punjab Kings,field,Sawai Mansingh Stadium,Rajasthan Royals,runs,31.0,192.0
5,Deccan Chargers,Chennai Super Kings,Deccan Chargers,field,Dr. Y.S. Rajasekhara Reddy ACA-VDCA Cricket Stadium,Chennai Super Kings,runs,20.0,158.0
5,Royal Challengers Bangalore,Delhi Capitals,Delhi Capitals,field,M Chinnaswamy Stadium,Royal Challengers Bangalore,runs,74.0,194.0
5,Pune Warriors,Punjab Kings,Pune Warriors,bat,Subrata Roy Sahara Stadium,Pune Warriors,runs,22.0,165.0
5,Rajasthan Royals,Kolkata Knight Riders,Kolkata Knight Riders,field,Sawai Mansingh Stadium,Rajasthan Royals,runs,22.0,167.0
5,Deccan Chargers,Mumbai Indians,Deccan Chargers,bat,Dr. Y.S. Rajasekhara Reddy ACA-VDCA Cricket Stadium,Mumbai Indians,wickets,5.0,139.0
5,Royal Challengers Bangalore,Kolkata Knight Riders,Royal Challengers Bangalore,field,M Chinnaswamy Stadium,Kolkata Knight Riders,runs,42.0,166.0
5,Delhi Capitals,Chennai Super Kings,Delhi Capitals,field,Feroz Shah Kotla,Delhi Capitals,wickets,8.0,111.0
5,Mumbai Indians,Rajasthan Royals,Rajasthan Royals,field,Wankhede Stadium,Mumbai Indians,runs,27.0,198.0
5,Chennai Super Kings,Royal Challengers Bangalore,Royal Challengers Bangalore,bat,"MA Chidambaram Stadium, Chepauk",Chennai Super Kings,wickets,5.0,206.0
5,Punjab Kings,Pune Warriors,Punjab Kings,field,"Punjab Cricket Association Stadium, Mohali",Punjab Kings,wickets,7.0,116.0
5,Kolkata Knight Riders,Rajasthan Royals,Rajasthan Royals,bat,Eden Gardens,Kolkata Knight Riders,wickets,5.0,132.0
5,Pune Warriors,Chennai Super Kings,Chennai Super Kings,bat,Subrata Roy Sahara Stadium,Pune Warriors,wickets,7.0,156.0
5,Royal Challengers Bangalore,Rajasthan Royals,Rajasthan Royals,bat,M Chinnaswamy Stadium,Rajasthan Royals,runs,2.0,135.0
5,Kolkata Knight Riders,Punjab Kings,Kolkata Knight Riders,field,Eden Gardens,Punjab Kings,runs,59.0,196.0
5,Mumbai Indians,Delhi Capitals,Delhi Capitals,field,Wankhede Stadium,Delhi Capitals,wickets,7.0,93.0
5,Rajasthan Royals,Deccan Chargers,Deccan Chargers,bat,Sawai Mansingh Stadium,Rajasthan Royals,wickets,5.0,197.0
5,Royal Challengers Bangalore,Pune Warriors,Pune Warriors,bat,M Chinnaswamy Stadium,Royal Challengers Bangalore,wickets,6.0,183.0
5,Punjab Kings,Kolkata Knight Riders,Punjab Kings,bat,"Punjab Cricket Association Stadium, Mohali",Kolkata Knight Riders,wickets,8.0,125.0
5,Chennai Super Kings,Pune Warriors,Pune Warriors,field,"MA Chidambaram Stadium, Chepauk",Chennai Super Kings,wickets,5.0,158.0
5,Delhi Capitals,Deccan Chargers,Deccan Chargers,bat,Feroz Shah Kotla,Delhi Capitals,runs,13.0,165.0
5,Punjab Kings,Royal Challengers Bangalore,Royal Challengers Bangalore,field,"Punjab Cricket Association Stadium, Mohali",Royal Challengers Bangalore,wickets,5.0,164.0
5,Delhi Capitals,Pune Warriors,Delhi Capitals,field,Feroz Shah Kotla,Pune Warriors,wickets,7.0,147.0
5,Chennai Super Kings,Rajasthan Royals,Rajasthan Royals,bat,"MA Chidambaram Stadium, Chepauk",Chennai Super Kings,runs,20.0,193.0
5,Deccan Chargers,Kolkata Knight Riders,Kolkata Knight Riders,field,Barabati Stadium,Kolkata Knight Riders,wickets,6.0,164.0
5,Mumbai Indians,Punjab Kings,Mumbai Indians,bat,Wankhede Stadium,Punjab Kings,wickets,5.0,127.0
5,Rajasthan Royals,Royal Challengers Bangalore,Rajasthan Royals,field,Sawai Mansingh Stadium,Royal Challengers Bangalore,runs,46.0,190.0
5,Pune Warriors,Delhi Capitals,Pune Warriors,bat,Subrata Roy Sahara Stadium,Delhi Capitals,wickets,8.0,147.0
5,Punjab Kings,Mumbai Indians,Punjab Kings,bat,"Punjab Cricket Association Stadium, Mohali",Mumbai Indians,wickets,4.0,169.0
5,Pune Warriors,Deccan Chargers,Deccan Chargers,bat,Subrata Roy Sahara Stadium,Deccan Chargers,runs,18.0,178.0
5,Delhi Capitals,Mumbai Indians,Mumbai Indians,field,Feroz Shah Kotla,Delhi Capitals,runs,37.0,208.0
5,Chennai Super Kings,Punjab Kings,Punjab Kings,bat,"MA Chidambaram Stadium, Chepauk",Punjab Kings,runs,7.0,157.0
5,Kolkata Knight Riders,Royal Challengers Bangalore,Kolkata Knight Riders,bat,Eden Gardens,Kolkata Knight Riders,runs,47.0,191.0
5,Mumbai Indians,Deccan Chargers,Mumbai Indians,field,Wankhede Stadium,Mumbai Indians,runs,1.0,153.0
5,Delhi Capitals,Rajasthan Royals,Delhi Capitals,bat,Feroz Shah Kotla,Delhi Capitals,wickets,5.0,101.0
5,Chennai Super Kings,Kolkata Knight Riders,Chennai Super Kings,bat,"MA Chidambaram Stadium, Chepauk",Kolkata Knight Riders,wickets,5.0,140.0
5,Deccan Chargers,Pune Warriors,Deccan Chargers,bat,Barabati Stadium,Deccan Chargers,runs,13.0,187.0
5,Rajasthan Royals,Delhi Capitals,Rajasthan Royals,bat,Sawai Mansingh Stadium,Delhi Capitals,wickets,6.0,142.0
5,Royal Challengers Bangalore,Punjab Kings,Punjab Kings,field,M Chinnaswamy Stadium,Punjab Kings,wickets,4.0,159.0
5,Pune Warriors,Mumbai Indians,Mumbai Indians,bat,Subrata Roy Sahara Stadium,Mumbai Indians,runs,1.0,121.0
5,Chennai Super Kings,Deccan Chargers,Chennai Super Kings,bat,"MA Chidambaram Stadium, Chepauk",Chennai Super Kings,runs,10.0,161.0
5,Punjab Kings,Rajasthan Royals,Rajasthan Royals,bat,"Punjab Cricket Association Stadium, Mohali",Rajasthan Royals,runs,7.0,151.0
5,Kolkata Knight Riders,Pune Warriors,Kolkata Knight Riders,bat,Eden Gardens,Kolkata Knight Riders,runs,43.0,178.0
5,Mumbai Indians,Chennai Super Kings,Mumbai Indians,field,Wankhede Stadium,Mumbai Indians,wickets,2.0,174.0
5,Royal Challengers Bangalore,Deccan Chargers,Royal Challengers Bangalore,field,M Chinnaswamy Stadium,Royal Challengers Bangalore,wickets,5.0,182.0
5,Delhi Capitals,Kolkata Knight Riders,Delhi Capitals,bat,Feroz Shah Kotla,Kolkata Knight Riders,wickets,6.0,154.0
5,Pune Warriors,Rajasthan Royals,Pune Warriors,bat,Subrata Roy Sahara Stadium,Rajasthan Royals,wickets,7.0,126.0
5,Deccan Chargers,Punjab Kings,Deccan Chargers,field,"Rajiv Gandhi International Stadium, Uppal",Punjab Kings,runs,25.0,171.0
5,Mumbai Indians,Royal Challengers Bangalore,Royal Challengers Bangalore,field,Wankhede Stadium,Royal Challengers Bangalore,wickets,9.0,142.0
5,Rajasthan Royals,Chennai Super Kings,Chennai Super Kings,field,Sawai Mansingh Stadium,Chennai Super Kings,wickets,9.0,188.0
5,Deccan Chargers,Delhi Capitals,Deccan Chargers,bat,"Rajiv Gandhi International Stadium, Uppal",Delhi Capitals,wickets,4.0,127.0
5,Pune Warriors,Royal Challengers Bangalore,Pune Warriors,field,Subrata Roy Sahara Stadium,Royal Challengers Bangalore,runs,35.0,174.0
5,Chennai Super Kings,Delhi Capitals,Chennai Super Kings,field,"MA Chidambaram Stadium, Chepauk",Chennai Super Kings,runs,27.0,183.0
5,Kolkata Knight Riders,Mumbai Indians,Mumbai Indians,bat,Eden Gardens,Mumbai Indians,wickets,9.0,115.0
5,Rajasthan Royals,Pune Warriors,Rajasthan Royals,bat,Sawai Mansingh Stadium,Rajasthan Royals,runs,45.0,171.0
5,Punjab Kings,Deccan Chargers,Deccan Chargers,bat,"Punjab Cricket Association Stadium, Mohali",Punjab Kings,wickets,4.0,191.0
5,Kolkata Knight Riders,Chennai Super Kings,Chennai Super Kings,field,Eden Gardens,Chennai Super Kings,wickets,5.0,172.0
5,Royal Challengers Bangalore,Mumbai Indians,Mumbai Indians,field,M Chinnaswamy Stadium,Mumbai Indians,wickets,5.0,159.0
5,Delhi Capitals,Punjab Kings,Punjab Kings,bat,Feroz Shah Kotla,Delhi Capitals,wickets,5.0,137.0
5,Mumbai Indians,Kolkata Knight Riders,Mumbai Indians,field,Wankhede Stadium,Kolkata Knight Riders,runs,32.0,141.0
5,Delhi Capitals,Royal Challengers Bangalore,Delhi Capitals,field,Feroz Shah Kotla,Royal Challengers Bangalore,wickets,6.0,121.0
5,Punjab Kings,Chennai Super Kings,Punjab Kings,field,Himachal Pradesh Cricket Association Stadium,Punjab Kings,runs,21.0,216.0
5,Deccan Chargers,Rajasthan Royals,Rajasthan Royals,bat,"Rajiv Gandhi International Stadium, Uppal",Deccan Chargers,wickets,5.0,127.0
5,Punjab Kings,Delhi Capitals,Delhi Capitals,field,Himachal Pradesh Cricket Association Stadium,Delhi Capitals,wickets,6.0,142.0
5,Pune Warriors,Kolkata Knight Riders,Kolkata Knight Riders,bat,Subrata Roy Sahara Stadium,Kolkata Knight Riders,runs,34.0,137.0
5,Rajasthan Royals,Mumbai Indians,Rajasthan Royals,bat,Sawai Mansingh Stadium,Mumbai Indians,runs,9.0,133.0
5,Deccan Chargers,Royal Challengers Bangalore,Royal Challengers Bangalore,field,"Rajiv Gandhi International Stadium, Uppal",Deccan Chargers,wickets,10.0,163.0
5,Delhi Capitals,Kolkata Knight Riders,Kolkata Knight Riders,bat,Subrata Roy Sahara Stadium,Kolkata Knight Riders,runs,18.0,163.0
5,Chennai Super Kings,Mumbai Indians,Mumbai Indians,field,M Chinnaswamy Stadium,Chennai Super Kings,runs,38.0,188.0
5,Delhi Capitals,Chennai Super Kings,Delhi Capitals,field,"MA Chidambaram Stadium, Chepauk",Chennai Super Kings,runs,86.0,223.0
5,Kolkata Knight Riders,Chennai Super Kings,Chennai Super Kings,bat,"MA Chidambaram Stadium, Chepauk",Kolkata Knight Riders,wickets,5.0,191.0
6,Kolkata Knight Riders,Delhi Capitals,Kolkata Knight Riders,field,Eden Gardens,Kolkata Knight Riders,wickets,6.0,129.0
6,Royal Challengers Bangalore,Mumbai Indians,Mumbai Indians,field,M Chinnaswamy Stadium,Royal Challengers Bangalore,runs,2.0,157.0
6,Sunrisers Hyderabad,Pune Warriors,Pune Warriors,field,"Rajiv Gandhi International Stadium, Uppal",Sunrisers Hyderabad,runs,22.0,127.0
6,Chennai Super Kings,Mumbai Indians,Mumbai Indians,bat,"MA Chidambaram Stadium, Chepauk",Mumbai Indians,runs,5.0,166.0
6,Delhi Capitals,Rajasthan Royals,Rajasthan Royals,bat,Feroz Shah Kotla,Rajasthan Royals,runs,9.0,149.0
6,Sunrisers Hyderabad,Royal Challengers Bangalore,Royal Challengers Bangalore,bat,"Rajiv Gandhi International Stadium, Uppal",,wickets,8.0,100.0
6,Pune Warriors,Punjab Kings,Pune Warriors,bat,Subrata Roy Sahara Stadium,Punjab Kings,tie,,131.0
6,Rajasthan Royals,Kolkata Knight Riders,Kolkata Knight Riders,field,Sawai Mansingh Stadium,Rajasthan Royals,runs,19.0,145.0
6,Mumbai Indians,Delhi Capitals,Mumbai Indians,bat,Wankhede Stadium,Mumbai Indians,runs,44.0,210.0
6,Royal Challengers Bangalore,Sunrisers Hyderabad,Sunrisers Hyderabad,bat,M Chinnaswamy Stadium,Royal Challengers Bangalore,wickets,7.0,162.0
6,Punjab Kings,Chennai Super Kings,Chennai Super Kings,field,"Punjab Cricket Association Stadium, Mohali",Chennai Super Kings,wickets,10.0,139.0
6,Royal Challengers Bangalore,Kolkata Knight Riders,Royal Challengers Bangalore,field,M Chinnaswamy Stadium,Royal Challengers Bangalore,wickets,8.0,155.0
6,Pune Warriors,Rajasthan Royals,Rajasthan Royals,bat,Subrata Roy Sahara Stadium,Pune Warriors,wickets,7.0,146.0
6,Delhi Capitals,Sunrisers Hyderabad,Delhi Capitals,bat,Feroz Shah Kotla,Sunrisers Hyderabad,wickets,3.0,115.0
6,Chennai Super Kings,Royal Challengers Bangalore,Chennai Super Kings,field,"MA Chidambaram Stadium, Chepauk",Chennai Super Kings,runs,41.0,184.0
6,Mumbai Indians,Pune Warriors,Mumbai Indians,bat,Wankhede Stadium,Mumbai Indians,wickets,4.0,166.0
6,Rajasthan Royals,Punjab Kings,Rajasthan Royals,field,Sawai Mansingh Stadium,Rajasthan Royals,runs,48.0,181.0
6,Kolkata Knight Riders,Sunrisers Hyderabad,Kolkata Knight Riders,bat,Eden Gardens,Kolkata Knight Riders,wickets,6.0,125.0
6,Chennai Super Kings,Pune Warriors,Pune Warriors,bat,"MA Chidambaram Stadium, Chepauk",Pune Warriors,runs,24.0,160.0
6,Punjab Kings,Kolkata Knight Riders,Kolkata Knight Riders,field,"Punjab Cricket Association Stadium, Mohali",Punjab Kings,runs,4.0,158.0
6,Royal Challengers Bangalore,Delhi Capitals,Royal Challengers Bangalore,field,M Chinnaswamy Stadium,,tie,,153.0
6,Rajasthan Royals,Mumbai Indians,Rajasthan Royals,bat,Sawai Mansingh Stadium,Rajasthan Royals,runs,11.0,120.0
6,Pune Warriors,Sunrisers Hyderabad,Pune Warriors,field,Maharashtra Cricket Association Stadium,Sunrisers Hyderabad,runs,87.0,180.0
6,Delhi Capitals,Chennai Super Kings,Chennai Super Kings,bat,Feroz Shah Kotla,Chennai Super Kings,runs,86.0,170.0
6,Sunrisers Hyderabad,Punjab Kings,Punjab Kings,bat,"Rajiv Gandhi International Stadium, Uppal",Sunrisers Hyderabad,wickets,5.0,124.0
6,Kolkata Knight Riders,Chennai Super Kings,Kolkata Knight Riders,bat,Eden Gardens,Chennai Super Kings,wickets,4.0,120.0
6,Royal Challengers Bangalore,Rajasthan Royals,Royal Challengers Bangalore,field,M Chinnaswamy Stadium,Royal Challengers Bangalore,wickets,7.0,118.0
6,Delhi Capitals,Mumbai Indians,Mumbai Indians,bat,Feroz Shah Kotla,Delhi Capitals,wickets,9.0,162.0
6,Punjab Kings,Pune Warriors,Punjab Kings,field,"Punjab Cricket Association Stadium, Mohali",Punjab Kings,wickets,7.0,186.0
6,Chennai Super Kings,Rajasthan Royals,Rajasthan Royals,bat,"MA Chidambaram Stadium, Chepauk",Chennai Super Kings,wickets,5.0,186.0
6,Delhi Capitals,Punjab Kings,Punjab Kings,field,Feroz Shah Kotla,Punjab Kings,runs,130.0,264.0
6,Royal Challengers Bangalore,Pune Warriors,Pune Warriors,field,M Chinnaswamy Stadium,Royal Challengers Bangalore,wickets,5.0,121.0
6,Kolkata Knight Riders,Mumbai Indians,Kolkata Knight Riders,bat,Eden Gardens,Mumbai Indians,wickets,5.0,160.0
6,Chennai Super Kings,Sunrisers Hyderabad,Sunrisers Hyderabad,bat,"MA Chidambaram Stadium, Chepauk",Chennai Super Kings,wickets,5.0,160.0
6,Kolkata Knight Riders,Punjab Kings,Punjab Kings,bat,Eden Gardens,Kolkata Knight Riders,wickets,6.0,150.0
6,Rajasthan Royals,Sunrisers Hyderabad,Sunrisers Hyderabad,bat,Sawai Mansingh Stadium,Rajasthan Royals,wickets,8.0,145.0
6,Mumbai Indians,Royal Challengers Bangalore,Mumbai Indians,bat,Wankhede Stadium,Mumbai Indians,runs,58.0,195.0
6,Chennai Super Kings,Kolkata Knight Riders,Kolkata Knight Riders,field,"MA Chidambaram Stadium, Chepauk",Chennai Super Kings,runs,14.0,201.0
6,Delhi Capitals,Pune Warriors,Pune Warriors,field,Shaheed Veer Narayan Singh International Stadium,Delhi Capitals,runs,15.0,165.0
6,Mumbai Indians,Punjab Kings,Mumbai Indians,bat,Wankhede Stadium,Mumbai Indians,wickets,4.0,172.0
6,Rajasthan Royals,Royal Challengers Bangalore,Rajasthan Royals,field,Sawai Mansingh Stadium,Rajasthan Royals,runs,4.0,175.0
6,Pune Warriors,Chennai Super Kings,Chennai Super Kings,bat,Subrata Roy Sahara Stadium,Chennai Super Kings,runs,37.0,165.0
6,Delhi Capitals,Kolkata Knight Riders,Kolkata Knight Riders,bat,Shaheed Veer Narayan Singh International Stadium,Delhi Capitals,wickets,7.0,130.0
6,Sunrisers Hyderabad,Mumbai Indians,Mumbai Indians,bat,"Rajiv Gandhi International Stadium, Uppal",Sunrisers Hyderabad,wickets,7.0,137.0
6,Pune Warriors,Royal Challengers Bangalore,Royal Challengers Bangalore,bat,Subrata Roy Sahara Stadium,Royal Challengers Bangalore,runs,15.0,187.0
6,Chennai Super Kings,Punjab Kings,Chennai Super Kings,bat,"MA Chidambaram Stadium, Chepauk",Chennai Super Kings,runs,17.0,188.0
6,Kolkata Knight Riders,Rajasthan Royals,Rajasthan Royals,bat,Eden Gardens,Kolkata Knight Riders,wickets,8.0,133.0
6,Sunrisers Hyderabad,Delhi Capitals,Delhi Capitals,bat,"Rajiv Gandhi International Stadium, Uppal",Sunrisers Hyderabad,wickets,6.0,81.0
6,Rajasthan Royals,Pune Warriors,Pune Warriors,bat,Sawai Mansingh Stadium,Rajasthan Royals,runs,60.0,140.0
6,Mumbai Indians,Chennai Super Kings,Mumbai Indians,bat,Wankhede Stadium,Mumbai Indians,wickets,5.0,179.0
6,Punjab Kings,Royal Challengers Bangalore,Punjab Kings,field,"Punjab Cricket Association Stadium, Mohali",Punjab Kings,wickets,6.0,191.0
6,Rajasthan Royals,Delhi Capitals,Delhi Capitals,bat,Sawai Mansingh Stadium,Rajasthan Royals,wickets,9.0,155.0
6,Mumbai Indians,Kolkata Knight Riders,Mumbai Indians,bat,Wankhede Stadium,Mumbai Indians,runs,65.0,171.0
6,Sunrisers Hyderabad,Chennai Super Kings,Sunrisers Hyderabad,field,"Rajiv Gandhi International Stadium, Uppal",Chennai Super Kings,runs,77.0,224.0
6,Pune Warriors,Kolkata Knight Riders,Kolkata Knight Riders,bat,Subrata Roy Sahara Stadium,Kolkata Knight Riders,wickets,8.0,146.0
6,Punjab Kings,Rajasthan Royals,Rajasthan Royals,field,"Punjab Cricket Association Stadium, Mohali",Rajasthan Royals,runs,46.0,153.0
6,Delhi Capitals,Royal Challengers Bangalore,Delhi Capitals,field,Feroz Shah Kotla,Royal Challengers Bangalore,runs,4.0,184.0
6,Pune Warriors,Mumbai Indians,Pune Warriors,bat,Subrata Roy Sahara Stadium,Mumbai Indians,wickets,5.0,113.0
6,Punjab Kings,Sunrisers Hyderabad,Punjab Kings,field,"Punjab Cricket Association Stadium, Mohali",Sunrisers Hyderabad,runs,30.0,151.0
6,Rajasthan Royals,Chennai Super Kings,Rajasthan Royals,field,Sawai Mansingh Stadium,Rajasthan Royals,wickets,5.0,116.0
6,Kolkata Knight Riders,Royal Challengers Bangalore,Kolkata Knight Riders,field,JSCA International Stadium Complex,Kolkata Knight Riders,wickets,5.0,142.0
6,Mumbai Indians,Sunrisers Hyderabad,Sunrisers Hyderabad,bat,Wankhede Stadium,Mumbai Indians,wickets,7.0,179.0
6,Chennai Super Kings,Delhi Capitals,Chennai Super Kings,bat,"MA Chidambaram Stadium, Chepauk",Chennai Super Kings,wickets,7.0,175.0
6,Royal Challengers Bangalore,Punjab Kings,Punjab Kings,field,M Chinnaswamy Stadium,Punjab Kings,runs,33.0,169.0
6,Mumbai Indians,Rajasthan Royals,Rajasthan Royals,field,Wankhede Stadium,Mumbai Indians,runs,7.0,171.0
6,Kolkata Knight Riders,Pune Warriors,Kolkata Knight Riders,field,JSCA International Stadium Complex,Pune Warriors,runs,14.0,167.0
6,Punjab Kings,Delhi Capitals,Delhi Capitals,field,Himachal Pradesh Cricket Association Stadium,Punjab Kings,runs,7.0,172.0
6,Sunrisers Hyderabad,Rajasthan Royals,Sunrisers Hyderabad,bat,"Rajiv Gandhi International Stadium, Uppal",Sunrisers Hyderabad,runs,23.0,137.0
6,Royal Challengers Bangalore,Chennai Super Kings,Chennai Super Kings,field,M Chinnaswamy Stadium,Royal Challengers Bangalore,runs,50.0,184.0
6,Punjab Kings,Mumbai Indians,Mumbai Indians,field,Himachal Pradesh Cricket Association Stadium,Punjab Kings,runs,24.0,107.0
6,Sunrisers Hyderabad,Kolkata Knight Riders,Kolkata Knight Riders,bat,"Rajiv Gandhi International Stadium, Uppal",Sunrisers Hyderabad,runs,38.0,173.0
6,Pune Warriors,Delhi Capitals,Pune Warriors,bat,Subrata Roy Sahara Stadium,Pune Warriors,wickets,5.0,131.0
6,Chennai Super Kings,Mumbai Indians,Chennai Super Kings,bat,Feroz Shah Kotla,Chennai Super Kings,runs,48.0,193.0
6,Rajasthan Royals,Sunrisers Hyderabad,Sunrisers Hyderabad,bat,Feroz Shah Kotla,Rajasthan Royals,wickets,4.0,133.0
6,Mumbai Indians,Rajasthan Royals,Rajasthan Royals,bat,Eden Gardens,Mumbai Indians,wickets,4.0,166.0
6,Chennai Super Kings,Mumbai Indians,Mumbai Indians,bat,Eden Gardens,Mumbai Indians,runs,23.0,149.0
7,Mumbai Indians,Kolkata Knight Riders,Kolkata Knight Riders,bat,Sheikh Zayed Stadium,Kolkata Knight Riders,runs,41.0,164.0
7,Delhi Capitals,Royal Challengers Bangalore,Royal Challengers Bangalore,field,Sharjah Cricket Stadium,Royal Challengers Bangalore,wickets,8.0,146.0
7,Sunrisers Hyderabad,Rajasthan Royals,Rajasthan Royals,field,Sheikh Zayed Stadium,Rajasthan Royals,wickets,6.0,206.0
7,Chennai Super Kings,Punjab Kings,Chennai Super Kings,bat,Sheikh Zayed Stadium,Punjab Kings,wickets,4.0,134.0
7,Kolkata Knight Riders,Delhi Capitals,Kolkata Knight Riders,bat,Dubai International Cricket Stadium,Delhi Capitals,wickets,7.0,116.0
7,Royal Challengers Bangalore,Mumbai Indians,Royal Challengers Bangalore,field,Dubai International Cricket Stadium,Royal Challengers Bangalore,wickets,4.0,167.0
7,Rajasthan Royals,Punjab Kings,Punjab Kings,field,Sharjah Cricket Stadium,Punjab Kings,wickets,7.0,192.0
7,Chennai Super Kings,Delhi Capitals,Chennai Super Kings,bat,Sheikh Zayed Stadium,Chennai Super Kings,runs,93.0,178.0
7,Punjab Kings,Sunrisers Hyderabad,Sunrisers Hyderabad,field,Sharjah Cricket Stadium,Punjab Kings,runs,72.0,194.0
7,Rajasthan Royals,Chennai Super Kings,Rajasthan Royals,field,Dubai International Cricket Stadium,Chennai Super Kings,runs,7.0,141.0
7,Royal Challengers Bangalore,Kolkata Knight Riders,Royal Challengers Bangalore,field,Sharjah Cricket Stadium,Kolkata Knight Riders,runs,2.0,151.0
7,Sunrisers Hyderabad,Delhi Capitals,Sunrisers Hyderabad,bat,Dubai International Cricket Stadium,Sunrisers Hyderabad,runs,4.0,185.0
7,Chennai Super Kings,Mumbai Indians,Mumbai Indians,bat,Dubai International Cricket Stadium,Chennai Super Kings,wickets,7.0,142.0
7,Rajasthan Royals,Royal Challengers Bangalore,Rajasthan Royals,field,Sheikh Zayed Stadium,Rajasthan Royals,wickets,6.0,71.0
7,Kolkata Knight Riders,Punjab Kings,Kolkata Knight Riders,field,Sheikh Zayed Stadium,Punjab Kings,runs,23.0,133.0
7,Sunrisers Hyderabad,Chennai Super Kings,Sunrisers Hyderabad,bat,Sharjah Cricket Stadium,Chennai Super Kings,wickets,6.0,126.0
7,Delhi Capitals,Mumbai Indians,Mumbai Indians,bat,Sharjah Cricket Stadium,Delhi Capitals,wickets,5.0,146.0
7,Punjab Kings,Royal Challengers Bangalore,Punjab Kings,field,Dubai International Cricket Stadium,Punjab Kings,wickets,5.0,125.0
7,Kolkata Knight Riders,Rajasthan Royals,Rajasthan Royals,bat,Sheikh Zayed Stadium,,tie,,153.0
7,Mumbai Indians,Sunrisers Hyderabad,Mumbai Indians,field,Dubai International Cricket Stadium,Sunrisers Hyderabad,runs,15.0,173.0
7,Chennai Super Kings,Kolkata Knight Riders,Chennai Super Kings,bat,JSCA International Stadium Complex,Chennai Super Kings,runs,34.0,149.0
7,Mumbai Indians,Punjab Kings,Punjab Kings,bat,Wankhede Stadium,Mumbai Indians,wickets,5.0,169.0
7,Delhi Capitals,Rajasthan Royals,Rajasthan Royals,field,Feroz Shah Kotla,Rajasthan Royals,wickets,7.0,153.0
7,Royal Challengers Bangalore,Sunrisers Hyderabad,Royal Challengers Bangalore,field,M Chinnaswamy Stadium,Royal Challengers Bangalore,wickets,4.0,156.0
7,Delhi Capitals,Chennai Super Kings,Chennai Super Kings,field,Feroz Shah Kotla,Chennai Super Kings,runs,10.0,171.0
7,Rajasthan Royals,Kolkata Knight Riders,Kolkata Knight Riders,field,"Sardar Patel Stadium, Motera",Rajasthan Royals,wickets,8.0,179.0
7,Mumbai Indians,Royal Challengers Bangalore,Royal Challengers Bangalore,field,Wankhede Stadium,Mumbai Indians,runs,19.0,188.0
7,Punjab Kings,Chennai Super Kings,Chennai Super Kings,field,Barabati Stadium,Punjab Kings,wickets,8.0,161.0
7,Delhi Capitals,Kolkata Knight Riders,Delhi Capitals,bat,Feroz Shah Kotla,Kolkata Knight Riders,runs,44.0,232.0
7,Rajasthan Royals,Sunrisers Hyderabad,Rajasthan Royals,field,"Sardar Patel Stadium, Motera",Sunrisers Hyderabad,runs,32.0,135.0
7,Royal Challengers Bangalore,Punjab Kings,Royal Challengers Bangalore,field,M Chinnaswamy Stadium,Punjab Kings,runs,32.0,199.0
7,Mumbai Indians,Chennai Super Kings,Chennai Super Kings,field,Wankhede Stadium,Chennai Super Kings,wickets,8.0,43.0
7,Delhi Capitals,Sunrisers Hyderabad,Sunrisers Hyderabad,field,Feroz Shah Kotla,Sunrisers Hyderabad,wickets,4.0,158.0
7,Royal Challengers Bangalore,Rajasthan Royals,Royal Challengers Bangalore,bat,M Chinnaswamy Stadium,Rajasthan Royals,wickets,9.0,150.0
7,Punjab Kings,Kolkata Knight Riders,Kolkata Knight Riders,field,Barabati Stadium,Kolkata Knight Riders,wickets,5.0,191.0
7,Sunrisers Hyderabad,Mumbai Indians,Sunrisers Hyderabad,bat,"Rajiv Gandhi International Stadium, Uppal",Mumbai Indians,wickets,7.0,158.0
7,Royal Challengers Bangalore,Delhi Capitals,Delhi Capitals,field,M Chinnaswamy Stadium,Royal Challengers Bangalore,wickets,5.0,149.0
7,Chennai Super Kings,Rajasthan Royals,Rajasthan Royals,bat,JSCA International Stadium Complex,Chennai Super Kings,runs,16.0,187.0
7,Kolkata Knight Riders,Mumbai Indians,Kolkata Knight Riders,field,Barabati Stadium,Kolkata Knight Riders,wickets,6.0,206.0
7,Sunrisers Hyderabad,Punjab Kings,Punjab Kings,field,"Rajiv Gandhi International Stadium, Uppal",Punjab Kings,wickets,6.0,142.0
7,Rajasthan Royals,Delhi Capitals,Delhi Capitals,field,"Sardar Patel Stadium, Motera",Rajasthan Royals,runs,62.0,202.0
7,Chennai Super Kings,Royal Challengers Bangalore,Chennai Super Kings,bat,JSCA International Stadium Complex,Royal Challengers Bangalore,wickets,5.0,139.0
7,Sunrisers Hyderabad,Kolkata Knight Riders,Sunrisers Hyderabad,bat,"Rajiv Gandhi International Stadium, Uppal",Kolkata Knight Riders,wickets,7.0,143.0
7,Rajasthan Royals,Mumbai Indians,Mumbai Indians,bat,"Sardar Patel Stadium, Motera",Mumbai Indians,runs,25.0,179.0
7,Delhi Capitals,Punjab Kings,Punjab Kings,field,Feroz Shah Kotla,Punjab Kings,wickets,4.0,165.0
7,Kolkata Knight Riders,Chennai Super Kings,Kolkata Knight Riders,field,Eden Gardens,Kolkata Knight Riders,wickets,7.0,161.0
7,Sunrisers Hyderabad,Royal Challengers Bangalore,Royal Challengers Bangalore,bat,"Rajiv Gandhi International Stadium, Uppal",Sunrisers Hyderabad,wickets,8.0,155.0
7,Punjab Kings,Mumbai Indians,Mumbai Indians,field,"Punjab Cricket Association Stadium, Mohali",Mumbai Indians,wickets,7.0,157.0
7,Kolkata Knight Riders,Royal Challengers Bangalore,Royal Challengers Bangalore,field,Eden Gardens,Kolkata Knight Riders,runs,30.0,196.0
7,Chennai Super Kings,Sunrisers Hyderabad,Sunrisers Hyderabad,field,JSCA International Stadium Complex,Sunrisers Hyderabad,wickets,6.0,186.0
7,Punjab Kings,Rajasthan Royals,Rajasthan Royals,field,"Punjab Cricket Association Stadium, Mohali",Punjab Kings,runs,15.0,174.0
7,Mumbai Indians,Delhi Capitals,Delhi Capitals,field,Wankhede Stadium,Mumbai Indians,runs,16.0,180.0
7,Royal Challengers Bangalore,Chennai Super Kings,Chennai Super Kings,field,M Chinnaswamy Stadium,Chennai Super Kings,wickets,8.0,155.0
7,Kolkata Knight Riders,Sunrisers Hyderabad,Kolkata Knight Riders,field,Eden Gardens,Kolkata Knight Riders,wickets,4.0,161.0
7,Punjab Kings,Delhi Capitals,Punjab Kings,field,"Punjab Cricket Association Stadium, Mohali",Punjab Kings,wickets,7.0,116.0
7,Mumbai Indians,Rajasthan Royals,Mumbai Indians,field,Wankhede Stadium,Mumbai Indians,wickets,5.0,190.0
7,Punjab Kings,Kolkata Knight Riders,Punjab Kings,field,Eden Gardens,Kolkata Knight Riders,runs,28.0,164.0
7,Chennai Super Kings,Mumbai Indians,Chennai Super Kings,field,Brabourne Stadium,Chennai Super Kings,wickets,7.0,174.0
7,Chennai Super Kings,Punjab Kings,Chennai Super Kings,field,Wankhede Stadium,Punjab Kings,runs,24.0,227.0
7,Kolkata Knight Riders,Punjab Kings,Kolkata Knight Riders,field,M Chinnaswamy Stadium,Kolkata Knight Riders,wickets,3.0,200.0
8,Kolkata Knight Riders,Mumbai Indians,Kolkata Knight Riders,field,Eden Gardens,Kolkata Knight Riders,wickets,7.0,169.0
8,Chennai Super Kings,Delhi Capitals,Delhi Capitals,field,"MA Chidambaram Stadium, Chepauk",Chennai Super Kings,runs,1.0,151.0
8,Punjab Kings,Rajasthan Royals,Punjab Kings,field,Maharashtra Cricket Association Stadium,Rajasthan Royals,runs,26.0,163.0
8,Chennai Super Kings,Sunrisers Hyderabad,Chennai Super Kings,bat,"MA Chidambaram Stadium, Chepauk",Chennai Super Kings,runs,45.0,210.0
8,Kolkata Knight Riders,Royal Challengers Bangalore,Royal Challengers Bangalore,field,Eden Gardens,Royal Challengers Bangalore,wickets,3.0,178.0
8,Mumbai Indians,Punjab Kings,Mumbai Indians,field,Wankhede Stadium,Punjab Kings,wickets,3.0,185.0
8,Delhi Capitals,Rajasthan Royals,Rajasthan Royals,field,Feroz Shah Kotla,Rajasthan Royals,runs,18.0,178.0
8,Royal Challengers Bangalore,Sunrisers Hyderabad,Sunrisers Hyderabad,field,M Chinnaswamy Stadium,Sunrisers Hyderabad,wickets,8.0,167.0
8,Rajasthan Royals,Mumbai Indians,Mumbai Indians,bat,"Sardar Patel Stadium, Motera",Rajasthan Royals,wickets,7.0,165.0
8,Punjab Kings,Delhi Capitals,Punjab Kings,bat,Maharashtra Cricket Association Stadium,Delhi Capitals,wickets,5.0,166.0
8,Sunrisers Hyderabad,Rajasthan Royals,Rajasthan Royals,field,Dr. Y.S. Rajasekhara Reddy ACA-VDCA Cricket Stadium,Rajasthan Royals,wickets,6.0,128.0
8,Mumbai Indians,Chennai Super Kings,Mumbai Indians,bat,Wankhede Stadium,Chennai Super Kings,wickets,6.0,184.0
8,Punjab Kings,Kolkata Knight Riders,Kolkata Knight Riders,field,Maharashtra Cricket Association Stadium,Kolkata Knight Riders,runs,4.0,168.0
8,Sunrisers Hyderabad,Delhi Capitals,Delhi Capitals,bat,Dr. Y.S. Rajasekhara Reddy ACA-VDCA Cricket Stadium,Delhi Capitals,wickets,4.0,156.0
8,Rajasthan Royals,Chennai Super Kings,Chennai Super Kings,bat,"Sardar Patel Stadium, Motera",Rajasthan Royals,wickets,8.0,157.0
8,Royal Challengers Bangalore,Mumbai Indians,Royal Challengers Bangalore,field,M Chinnaswamy Stadium,Mumbai Indians,runs,18.0,210.0
8,Delhi Capitals,Kolkata Knight Riders,Kolkata Knight Riders,field,Feroz Shah Kotla,Kolkata Knight Riders,wickets,6.0,147.0
8,Rajasthan Royals,Punjab Kings,Punjab Kings,field,"Sardar Patel Stadium, Motera",,tie,,192.0
8,Sunrisers Hyderabad,Kolkata Knight Riders,Kolkata Knight Riders,field,Dr. Y.S. Rajasekhara Reddy ACA-VDCA Cricket Stadium,Sunrisers Hyderabad,runs,16.0,118.0
8,Royal Challengers Bangalore,Chennai Super Kings,Royal Challengers Bangalore,field,M Chinnaswamy Stadium,Chennai Super Kings,runs,27.0,182.0
8,Delhi Capitals,Mumbai Indians,Mumbai Indians,field,Feroz Shah Kotla,Delhi Capitals,runs,37.0,191.0
8,Rajasthan Royals,Royal Challengers Bangalore,Royal Challengers Bangalore,field,"Sardar Patel Stadium, Motera",Royal Challengers Bangalore,wickets,9.0,131.0
8,Mumbai Indians,Sunrisers Hyderabad,Mumbai Indians,bat,Wankhede Stadium,Mumbai Indians,runs,20.0,158.0
8,Chennai Super Kings,Punjab Kings,Chennai Super Kings,bat,"MA Chidambaram Stadium, Chepauk",Chennai Super Kings,runs,97.0,193.0
8,Delhi Capitals,Royal Challengers Bangalore,Royal Challengers Bangalore,field,Feroz Shah Kotla,Royal Challengers Bangalore,wickets,10.0,96.0
8,Punjab Kings,Sunrisers Hyderabad,Punjab Kings,field,"Punjab Cricket Association Stadium, Mohali",Sunrisers Hyderabad,runs,20.0,151.0
8,Chennai Super Kings,Kolkata Knight Riders,Kolkata Knight Riders,field,"MA Chidambaram Stadium, Chepauk",Chennai Super Kings,runs,2.0,135.0
8,Royal Challengers Bangalore,Rajasthan Royals,Rajasthan Royals,field,M Chinnaswamy Stadium,,no result,,
8,Kolkata Knight Riders,Chennai Super Kings,Kolkata Knight Riders,field,Eden Gardens,Kolkata Knight Riders,wickets,7.0,166.0
8,Delhi Capitals,Punjab Kings,Delhi Capitals,field,Feroz Shah Kotla,Delhi Capitals,wickets,9.0,119.0
8,Mumbai Indians,Rajasthan Royals,Rajasthan Royals,field,Wankhede Stadium,Mumbai Indians,runs,8.0,188.0
8,Sunrisers Hyderabad,Chennai Super Kings,Chennai Super Kings,field,"Rajiv Gandhi International Stadium, Uppal",Sunrisers Hyderabad,wickets,7.0,112.0
8,Royal Challengers Bangalore,Kolkata Knight Riders,Royal Challengers Bangalore,field,M Chinnaswamy Stadium,Royal Challengers Bangalore,runs,22.0,193.0
8,Rajasthan Royals,Delhi Capitals,Delhi Capitals,field,Brabourne Stadium,Rajasthan Royals,runs,23.0,173.0
8,Punjab Kings,Mumbai Indians,Mumbai Indians,bat,"Punjab Cricket Association Stadium, Mohali",Mumbai Indians,runs,14.0,190.0
8,Chennai Super Kings,Royal Challengers Bangalore,Chennai Super Kings,bat,"MA Chidambaram Stadium, Chepauk",Chennai Super Kings,runs,24.0,149.0
8,Kolkata Knight Riders,Sunrisers Hyderabad,Sunrisers Hyderabad,field,Eden Gardens,Kolkata Knight Riders,runs,35.0,168.0
8,Mumbai Indians,Delhi Capitals,Delhi Capitals,bat,Wankhede Stadium,Mumbai Indians,wickets,5.0,153.0
8,Royal Challengers Bangalore,Punjab Kings,Punjab Kings,field,M Chinnaswamy Stadium,Royal Challengers Bangalore,runs,138.0,227.0
8,Rajasthan Royals,Sunrisers Hyderabad,Rajasthan Royals,field,Brabourne Stadium,Sunrisers Hyderabad,runs,13.0,172.0
8,Kolkata Knight Riders,Delhi Capitals,Kolkata Knight Riders,bat,Eden Gardens,Kolkata Knight Riders,runs,7.0,202.0
8,Chennai Super Kings,Mumbai Indians,Chennai Super Kings,bat,"MA Chidambaram Stadium, Chepauk",Mumbai Indians,wickets,6.0,159.0
8,Kolkata Knight Riders,Punjab Kings,Punjab Kings,bat,Eden Gardens,Kolkata Knight Riders,wickets,1.0,184.0
8,Delhi Capitals,Sunrisers Hyderabad,Sunrisers Hyderabad,bat,Shaheed Veer Narayan Singh International Stadium,Sunrisers Hyderabad,runs,6.0,164.0
8,Mumbai Indians,Royal Challengers Bangalore,Royal Challengers Bangalore,bat,Wankhede Stadium,Royal Challengers Bangalore,runs,39.0,236.0
8,Chennai Super Kings,Rajasthan Royals,Chennai Super Kings,bat,"MA Chidambaram Stadium, Chepauk",Chennai Super Kings,runs,12.0,158.0
8,Sunrisers Hyderabad,Punjab Kings,Sunrisers Hyderabad,bat,"Rajiv Gandhi International Stadium, Uppal",Sunrisers Hyderabad,runs,5.0,186.0
8,Delhi Capitals,Chennai Super Kings,Chennai Super Kings,bat,Shaheed Veer Narayan Singh International Stadium,Delhi Capitals,wickets,6.0,120.0
8,Punjab Kings,Royal Challengers Bangalore,Royal Challengers Bangalore,field,"Punjab Cricket Association Stadium, Mohali",Punjab Kings,runs,22.0,107.0
8,Mumbai Indians,Kolkata Knight Riders,Kolkata Knight Riders,field,Wankhede Stadium,Mumbai Indians,runs,5.0,172.0
8,Sunrisers Hyderabad,Royal Challengers Bangalore,Sunrisers Hyderabad,bat,"Rajiv Gandhi International Stadium, Uppal",Royal Challengers Bangalore,wickets,6.0,81.0
8,Rajasthan Royals,Kolkata Knight Riders,Rajasthan Royals,bat,Brabourne Stadium,Rajasthan Royals,wickets,7.0,131.0
8,Punjab Kings,Chennai Super Kings,Punjab Kings,bat,"Punjab Cricket Association Stadium, Mohali",Chennai Super Kings,runs,9.0,200.0
8,Royal Challengers Bangalore,Delhi Capitals,Royal Challengers Bangalore,field,M Chinnaswamy Stadium,,no result,,188.0
8,Sunrisers Hyderabad,Mumbai Indians,Sunrisers Hyderabad,bat,"Rajiv Gandhi International Stadium, Uppal",Mumbai Indians,wickets,9.0,114.0
8,Chennai Super Kings,Mumbai Indians,Mumbai Indians,bat,Wankhede Stadium,Mumbai Indians,runs,25.0,188.0
8,Royal Challengers Bangalore,Rajasthan Royals,Royal Challengers Bangalore,bat,Maharashtra Cricket Association Stadium,Royal Challengers Bangalore,runs,71.0,181.0
8,Chennai Super Kings,Royal Challengers Bangalore,Chennai Super Kings,field,JSCA International Stadium Complex,Chennai Super Kings,wickets,3.0,140.0
8,Mumbai Indians,Chennai Super Kings,Chennai Super Kings,field,Eden Gardens,Mumbai Indians,runs,41.0,203.0
9,Mumbai Indians,Rising Pune Supergiants,Mumbai Indians,bat,Wankhede Stadium,Rising Pune Supergiants,wickets,9.0,122.0
9,Kolkata Knight Riders,Delhi Capitals,Kolkata Knight Riders,field,Eden Gardens,Kolkata Knight Riders,wickets,9.0,99.0
9,Punjab Kings,Gujarat Lions,Gujarat Lions,field,"Punjab Cricket Association IS Bindra Stadium, Mohali",Gujarat Lions,wickets,5.0,162.0
9,Royal Challengers Bangalore,Sunrisers Hyderabad,Sunrisers Hyderabad,field,M Chinnaswamy Stadium,Royal Challengers Bangalore,runs,45.0,228.0
9,Kolkata Knight Riders,Mumbai Indians,Mumbai Indians,field,Eden Gardens,Mumbai Indians,wickets,6.0,188.0
9,Gujarat Lions,Rising Pune Supergiants,Rising Pune Supergiants,bat,Saurashtra Cricket Association Stadium,Gujarat Lions,wickets,7.0,164.0
9,Delhi Capitals,Punjab Kings,Delhi Capitals,field,Feroz Shah Kotla,Delhi Capitals,wickets,8.0,112.0
9,Sunrisers Hyderabad,Kolkata Knight Riders,Sunrisers Hyderabad,bat,"Rajiv Gandhi International Stadium, Uppal",Kolkata Knight Riders,wickets,8.0,143.0
9,Mumbai Indians,Gujarat Lions,Gujarat Lions,field,Wankhede Stadium,Gujarat Lions,wickets,3.0,144.0
9,Punjab Kings,Rising Pune Supergiants,Rising Pune Supergiants,bat,"Punjab Cricket Association IS Bindra Stadium, Mohali",Punjab Kings,wickets,6.0,153.0
9,Royal Challengers Bangalore,Delhi Capitals,Delhi Capitals,field,M Chinnaswamy Stadium,Delhi Capitals,wickets,7.0,192.0
9,Sunrisers Hyderabad,Mumbai Indians,Sunrisers Hyderabad,field,"Rajiv Gandhi International Stadium, Uppal",Sunrisers Hyderabad,wickets,7.0,143.0
9,Punjab Kings,Kolkata Knight Riders,Kolkata Knight Riders,field,"Punjab Cricket Association IS Bindra Stadium, Mohali",Kolkata Knight Riders,wickets,6.0,139.0
9,Mumbai Indians,Royal Challengers Bangalore,Mumbai Indians,field,Wankhede Stadium,Mumbai Indians,wickets,6.0,171.0
9,Gujarat Lions,Sunrisers Hyderabad,Sunrisers Hyderabad,field,Saurashtra Cricket Association Stadium,Sunrisers Hyderabad,wickets,10.0,136.0
9,Rising Pune Supergiants,Royal Challengers Bangalore,Rising Pune Supergiants,field,Maharashtra Cricket Association Stadium,Royal Challengers Bangalore,runs,13.0,186.0
9,Sunrisers Hyderabad,Punjab Kings,Sunrisers Hyderabad,field,"Rajiv Gandhi International Stadium, Uppal",Sunrisers Hyderabad,runs,10.0,165.0
9,Delhi Capitals,Mumbai Indians,Mumbai Indians,field,Feroz Shah Kotla,Delhi Capitals,wickets,5.0,144.0
9,Rising Pune Supergiants,Kolkata Knight Riders,Kolkata Knight Riders,field,Maharashtra Cricket Association Stadium,Kolkata Knight Riders,wickets,6.0,181.0
9,Gujarat Lions,Royal Challengers Bangalore,Royal Challengers Bangalore,bat,Saurashtra Cricket Association Stadium,Gujarat Lions,wickets,2.0,161.0
9,Punjab Kings,Mumbai Indians,Punjab Kings,field,"Punjab Cricket Association IS Bindra Stadium, Mohali",Mumbai Indians,runs,25.0,190.0
9,Sunrisers Hyderabad,Rising Pune Supergiants,Rising Pune Supergiants,field,"Rajiv Gandhi International Stadium, Uppal",Rising Pune Supergiants,runs,34.0,61.0
9,Delhi Capitals,Gujarat Lions,Delhi Capitals,field,Feroz Shah Kotla,Gujarat Lions,runs,1.0,173.0
9,Mumbai Indians,Kolkata Knight Riders,Mumbai Indians,field,Wankhede Stadium,Mumbai Indians,wickets,6.0,175.0
9,Rising Pune Supergiants,Gujarat Lions,Gujarat Lions,field,Maharashtra Cricket Association Stadium,Gujarat Lions,wickets,3.0,196.0
9,Sunrisers Hyderabad,Royal Challengers Bangalore,Royal Challengers Bangalore,field,"Rajiv Gandhi International Stadium, Uppal",Sunrisers Hyderabad,runs,27.0,187.0
9,Delhi Capitals,Kolkata Knight Riders,Kolkata Knight Riders,field,Feroz Shah Kotla,Delhi Capitals,runs,15.0,195.0
9,Gujarat Lions,Punjab Kings,Gujarat Lions,field,Saurashtra Cricket Association Stadium,Punjab Kings,runs,23.0,155.0
9,Rising Pune Supergiants,Mumbai Indians,Mumbai Indians,field,Maharashtra Cricket Association Stadium,Mumbai Indians,wickets,8.0,160.0
9,Royal Challengers Bangalore,Kolkata Knight Riders,Kolkata Knight Riders,field,M Chinnaswamy Stadium,Kolkata Knight Riders,wickets,5.0,186.0
9,Gujarat Lions,Delhi Capitals,Delhi Capitals,field,Saurashtra Cricket Association Stadium,Delhi Capitals,wickets,8.0,150.0
9,Kolkata Knight Riders,Punjab Kings,Punjab Kings,field,Eden Gardens,Kolkata Knight Riders,runs,7.0,165.0
9,Delhi Capitals,Rising Pune Supergiants,Rising Pune Supergiants,field,Feroz Shah Kotla,Rising Pune Supergiants,wickets,7.0,163.0
9,Sunrisers Hyderabad,Gujarat Lions,Sunrisers Hyderabad,field,"Rajiv Gandhi International Stadium, Uppal",Sunrisers Hyderabad,wickets,5.0,127.0
9,Punjab Kings,Delhi Capitals,Delhi Capitals,field,"Punjab Cricket Association IS Bindra Stadium, Mohali",Punjab Kings,wickets,7.0,192.0
9,Royal Challengers Bangalore,Rising Pune Supergiants,Royal Challengers Bangalore,field,M Chinnaswamy Stadium,Royal Challengers Bangalore,runs,9.0,182.0
9,Kolkata Knight Riders,Gujarat Lions,Gujarat Lions,field,Eden Gardens,Gujarat Lions,runs,85.0,178.0
9,Mumbai Indians,Sunrisers Hyderabad,Mumbai Indians,field,Dr. Y.S. Rajasekhara Reddy ACA-VDCA Cricket Stadium,Sunrisers Hyderabad,wickets,5.0,159.0
9,Punjab Kings,Royal Challengers Bangalore,Punjab Kings,field,"Punjab Cricket Association IS Bindra Stadium, Mohali",Royal Challengers Bangalore,runs,1.0,176.0
9,Rising Pune Supergiants,Sunrisers Hyderabad,Sunrisers Hyderabad,bat,Dr. Y.S. Rajasekhara Reddy ACA-VDCA Cricket Stadium,Sunrisers Hyderabad,runs,4.0,138.0
9,Royal Challengers Bangalore,Mumbai Indians,Mumbai Indians,field,M Chinnaswamy Stadium,Mumbai Indians,wickets,6.0,152.0
9,Sunrisers Hyderabad,Delhi Capitals,Delhi Capitals,field,"Rajiv Gandhi International Stadium, Uppal",Delhi Capitals,wickets,7.0,147.0
9,Mumbai Indians,Punjab Kings,Mumbai Indians,bat,Dr. Y.S. Rajasekhara Reddy ACA-VDCA Cricket Stadium,Punjab Kings,wickets,7.0,125.0
9,Royal Challengers Bangalore,Gujarat Lions,Gujarat Lions,field,M Chinnaswamy Stadium,Royal Challengers Bangalore,runs,144.0,249.0
9,Kolkata Knight Riders,Rising Pune Supergiants,Rising Pune Supergiants,bat,Eden Gardens,Kolkata Knight Riders,wickets,8.0,66.0
9,Punjab Kings,Sunrisers Hyderabad,Punjab Kings,bat,"Punjab Cricket Association IS Bindra Stadium, Mohali",Sunrisers Hyderabad,wickets,7.0,180.0
9,Mumbai Indians,Delhi Capitals,Delhi Capitals,field,Dr. Y.S. Rajasekhara Reddy ACA-VDCA Cricket Stadium,Mumbai Indians,runs,80.0,207.0
9,Kolkata Knight Riders,Royal Challengers Bangalore,Royal Challengers Bangalore,field,Eden Gardens,Royal Challengers Bangalore,wickets,9.0,184.0
9,Rising Pune Supergiants,Delhi Capitals,Rising Pune Supergiants,field,Dr. Y.S. Rajasekhara Reddy ACA-VDCA Cricket Stadium,Rising Pune Supergiants,runs,19.0,58.0
9,Royal Challengers Bangalore,Punjab Kings,Punjab Kings,field,M Chinnaswamy Stadium,Royal Challengers Bangalore,runs,82.0,203.0
9,Gujarat Lions,Kolkata Knight Riders,Gujarat Lions,field,Green Park,Gujarat Lions,wickets,6.0,125.0
9,Delhi Capitals,Sunrisers Hyderabad,Delhi Capitals,field,Shaheed Veer Narayan Singh International Stadium,Delhi Capitals,wickets,6.0,159.0
9,Rising Pune Supergiants,Punjab Kings,Punjab Kings,bat,Dr. Y.S. Rajasekhara Reddy ACA-VDCA Cricket Stadium,Rising Pune Supergiants,wickets,4.0,173.0
9,Gujarat Lions,Mumbai Indians,Gujarat Lions,field,Green Park,Gujarat Lions,wickets,6.0,173.0
9,Kolkata Knight Riders,Sunrisers Hyderabad,Sunrisers Hyderabad,field,Eden Gardens,Kolkata Knight Riders,runs,22.0,172.0
9,Delhi Capitals,Royal Challengers Bangalore,Royal Challengers Bangalore,field,Shaheed Veer Narayan Singh International Stadium,Royal Challengers Bangalore,wickets,6.0,139.0
9,Gujarat Lions,Royal Challengers Bangalore,Royal Challengers Bangalore,field,M Chinnaswamy Stadium,Royal Challengers Bangalore,wickets,4.0,159.0
9,Sunrisers Hyderabad,Kolkata Knight Riders,Kolkata Knight Riders,field,Feroz Shah Kotla,Sunrisers Hyderabad,runs,22.0,163.0
9,Gujarat Lions,Sunrisers Hyderabad,Sunrisers Hyderabad,field,Feroz Shah Kotla,Sunrisers Hyderabad,wickets,4.0,163.0
9,Royal Challengers Bangalore,Sunrisers Hyderabad,Sunrisers Hyderabad,bat,M Chinnaswamy Stadium,Sunrisers Hyderabad,runs,8.0,209.0
10,Sunrisers Hyderabad,Royal Challengers Bangalore,Royal Challengers Bangalore,field,"Rajiv Gandhi International Stadium, Uppal",Sunrisers Hyderabad,runs,35.0,208.0
10,Rising Pune Supergiants,Mumbai Indians,Rising Pune Supergiants,field,Maharashtra Cricket Association Stadium,Rising Pune Supergiants,wickets,7.0,185.0
10,Gujarat Lions,Kolkata Knight Riders,Kolkata Knight Riders,field,Saurashtra Cricket Association Stadium,Kolkata Knight Riders,wickets,10.0,184.0
10,Royal Challengers Bangalore,Delhi Capitals,Royal Challengers Bangalore,bat,M.Chinnaswamy Stadium,Royal Challengers Bangalore,wickets,6.0,164.0
10,Punjab Kings,Rising Pune Supergiants,Punjab Kings,field,Holkar Cricket Stadium,Punjab Kings,runs,15.0,158.0
10,Sunrisers Hyderabad,Gujarat Lions,Sunrisers Hyderabad,field,"Rajiv Gandhi International Stadium, Uppal",Sunrisers Hyderabad,wickets,9.0,136.0
10,Mumbai Indians,Kolkata Knight Riders,Mumbai Indians,field,Wankhede Stadium,Mumbai Indians,wickets,4.0,179.0
10,Punjab Kings,Royal Challengers Bangalore,Royal Challengers Bangalore,bat,Holkar Cricket Stadium,Punjab Kings,wickets,8.0,149.0
10,Rising Pune Supergiants,Delhi Capitals,Rising Pune Supergiants,field,Maharashtra Cricket Association Stadium,Delhi Capitals,runs,97.0,206.0
10,Mumbai Indians,Sunrisers Hyderabad,Mumbai Indians,field,Wankhede Stadium,Mumbai Indians,wickets,4.0,159.0
10,Kolkata Knight Riders,Punjab Kings,Kolkata Knight Riders,field,Eden Gardens,Kolkata Knight Riders,wickets,8.0,171.0
10,Royal Challengers Bangalore,Mumbai Indians,Mumbai Indians,field,M Chinnaswamy Stadium,Mumbai Indians,wickets,4.0,143.0
10,Gujarat Lions,Rising Pune Supergiants,Gujarat Lions,field,Saurashtra Cricket Association Stadium,Gujarat Lions,wickets,7.0,172.0
10,Delhi Capitals,Punjab Kings,Delhi Capitals,bat,Feroz Shah Kotla,Delhi Capitals,runs,17.0,173.0
10,Kolkata Knight Riders,Sunrisers Hyderabad,Sunrisers Hyderabad,field,Eden Gardens,Kolkata Knight Riders,runs,51.0,189.0
10,Royal Challengers Bangalore,Rising Pune Supergiants,Royal Challengers Bangalore,field,M Chinnaswamy Stadium,Rising Pune Supergiants,wickets,6.0,177.0
10,Mumbai Indians,Gujarat Lions,Mumbai Indians,field,Wankhede Stadium,Mumbai Indians,runs,27.0,162.0
10,Delhi Capitals,Kolkata Knight Riders,Delhi Capitals,bat,Feroz Shah Kotla,Kolkata Knight Riders,wickets,4.0,169.0
10,Sunrisers Hyderabad,Punjab Kings,Punjab Kings,field,"Rajiv Gandhi International Stadium, Uppal",Sunrisers Hyderabad,runs,5.0,160.0
10,Gujarat Lions,Royal Challengers Bangalore,Gujarat Lions,field,Saurashtra Cricket Association Stadium,Royal Challengers Bangalore,runs,21.0,214.0
10,Sunrisers Hyderabad,Delhi Capitals,Sunrisers Hyderabad,bat,"Rajiv Gandhi International Stadium, Uppal",Sunrisers Hyderabad,runs,15.0,192.0
10,Punjab Kings,Mumbai Indians,Mumbai Indians,field,Holkar Cricket Stadium,Mumbai Indians,wickets,8.0,199.0
10,Kolkata Knight Riders,Gujarat Lions,Gujarat Lions,field,Eden Gardens,Gujarat Lions,wickets,4.0,188.0
10,Rising Pune Supergiants,Sunrisers Hyderabad,Rising Pune Supergiants,field,Maharashtra Cricket Association Stadium,Rising Pune Supergiants,runs,14.0,143.0
10,Mumbai Indians,Delhi Capitals,Delhi Capitals,field,Wankhede Stadium,Mumbai Indians,wickets,6.0,177.0
10,Kolkata Knight Riders,Royal Challengers Bangalore,Royal Challengers Bangalore,field,Eden Gardens,Kolkata Knight Riders,runs,26.0,189.0
10,Gujarat Lions,Punjab Kings,Gujarat Lions,field,Saurashtra Cricket Association Stadium,Punjab Kings,runs,82.0,132.0
10,Mumbai Indians,Rising Pune Supergiants,Mumbai Indians,field,Wankhede Stadium,Rising Pune Supergiants,runs,3.0,161.0
10,Rising Pune Supergiants,Kolkata Knight Riders,Kolkata Knight Riders,field,Maharashtra Cricket Association Stadium,Kolkata Knight Riders,wickets,7.0,183.0
10,Royal Challengers Bangalore,Gujarat Lions,Gujarat Lions,field,M Chinnaswamy Stadium,Gujarat Lions,wickets,7.0,135.0
10,Punjab Kings,Sunrisers Hyderabad,Punjab Kings,field,"Punjab Cricket Association IS Bindra Stadium, Mohali",Sunrisers Hyderabad,wickets,7.0,161.0
10,Kolkata Knight Riders,Delhi Capitals,Kolkata Knight Riders,field,Eden Gardens,Kolkata Knight Riders,runs,26.0,208.0
10,Rising Pune Supergiants,Royal Challengers Bangalore,Royal Challengers Bangalore,field,Maharashtra Cricket Association Stadium,Rising Pune Supergiants,runs,61.0,158.0
10,Gujarat Lions,Mumbai Indians,Gujarat Lions,bat,Saurashtra Cricket Association Stadium,,tie,,154.0
10,Sunrisers Hyderabad,Kolkata Knight Riders,Kolkata Knight Riders,field,"Rajiv Gandhi International Stadium, Uppal",Sunrisers Hyderabad,wickets,10.0,68.0
10,Punjab Kings,Delhi Capitals,Punjab Kings,field,"Punjab Cricket Association IS Bindra Stadium, Mohali",Punjab Kings,runs,48.0,210.0
10,Rising Pune Supergiants,Gujarat Lions,Rising Pune Supergiants,field,Maharashtra Cricket Association Stadium,Rising Pune Supergiants,wickets,5.0,163.0
10,Mumbai Indians,Royal Challengers Bangalore,Royal Challengers Bangalore,bat,Wankhede Stadium,Mumbai Indians,wickets,5.0,162.0
10,Delhi Capitals,Sunrisers Hyderabad,Delhi Capitals,field,Feroz Shah Kotla,Delhi Capitals,wickets,6.0,186.0
10,Kolkata Knight Riders,Rising Pune Supergiants,Rising Pune Supergiants,field,Eden Gardens,Rising Pune Supergiants,wickets,4.0,156.0
10,Delhi Capitals,Gujarat Lions,Delhi Capitals,field,Feroz Shah Kotla,Delhi Capitals,wickets,7.0,209.0
10,Royal Challengers Bangalore,Punjab Kings,Royal Challengers Bangalore,field,M Chinnaswamy Stadium,Punjab Kings,runs,19.0,139.0
10,Delhi Capitals,Mumbai Indians,Delhi Capitals,field,Feroz Shah Kotla,Mumbai Indians,runs,12.0,149.0
10,Sunrisers Hyderabad,Rising Pune Supergiants,Sunrisers Hyderabad,field,"Rajiv Gandhi International Stadium, Uppal",Rising Pune Supergiants,runs,146.0,213.0
10,Royal Challengers Bangalore,Kolkata Knight Riders,Kolkata Knight Riders,field,M Chinnaswamy Stadium,Kolkata Knight Riders,wickets,6.0,159.0
10,Punjab Kings,Gujarat Lions,Gujarat Lions,field,"Punjab Cricket Association IS Bindra Stadium, Mohali",Gujarat Lions,wickets,6.0,190.0
10,Sunrisers Hyderabad,Mumbai Indians,Mumbai Indians,bat,"Rajiv Gandhi International Stadium, Uppal",Sunrisers Hyderabad,wickets,7.0,139.0
10,Punjab Kings,Kolkata Knight Riders,Kolkata Knight Riders,field,"Punjab Cricket Association IS Bindra Stadium, Mohali",Punjab Kings,runs,14.0,168.0
10,Gujarat Lions,Delhi Capitals,Delhi Capitals,field,Green Park,Delhi Capitals,wickets,2.0,196.0
10,Mumbai Indians,Punjab Kings,Mumbai Indians,field,Wankhede Stadium,Punjab Kings,runs,7.0,231.0
10,Delhi Capitals,Rising Pune Supergiants,Delhi Capitals,bat,Feroz Shah Kotla,Delhi Capitals,runs,7.0,169.0
10,Kolkata Knight Riders,Mumbai Indians,Kolkata Knight Riders,field,Eden Gardens,Mumbai Indians,wickets,8.0,155.0
10,Gujarat Lions,Sunrisers Hyderabad,Sunrisers Hyderabad,field,Green Park,Sunrisers Hyderabad,runs,9.0,174.0
10,Delhi Capitals,Royal Challengers Bangalore,Royal Challengers Bangalore,bat,Feroz Shah Kotla,Royal Challengers Bangalore,wickets,9.0,74.0
10,Rising Pune Supergiants,Punjab Kings,Rising Pune Supergiants,field,Maharashtra Cricket Association Stadium,Rising Pune Supergiants,runs,10.0,162.0
10,Mumbai Indians,Rising Pune Supergiants,Mumbai Indians,field,Wankhede Stadium,Rising Pune Supergiants,runs,20.0,163.0
10,Sunrisers Hyderabad,Kolkata Knight Riders,Kolkata Knight Riders,field,M Chinnaswamy Stadium,Kolkata Knight Riders,wickets,7.0,48.0
10,Mumbai Indians,Kolkata Knight Riders,Mumbai Indians,field,M Chinnaswamy Stadium,Mumbai Indians,wickets,6.0,108.0
10,Mumbai Indians,Rising Pune Supergiants,Mumbai Indians,bat,"Rajiv Gandhi International Stadium, Uppal",Mumbai Indians,runs,1.0,130.0
11,Mumbai Indians,Chennai Super Kings,Chennai Super Kings,field,Wankhede Stadium,Chennai Super Kings,wickets,1.0,166.0
11,Delhi Capitals,Punjab Kings,Punjab Kings,field,Punjab Cricket Association IS Bindra Stadium,Punjab Kings,wickets,6.0,167.0
11,Royal Challengers Bangalore,Kolkata Knight Riders,Kolkata Knight Riders,field,Eden Gardens,Kolkata Knight Riders,wickets,4.0,177.0
11,Rajasthan Royals,Sunrisers Hyderabad,Sunrisers Hyderabad,field,Rajiv Gandhi International Stadium,Sunrisers Hyderabad,wickets,9.0,126.0
11,Kolkata Knight Riders,Chennai Super Kings,Chennai Super Kings,field,MA Chidambaram Stadium,Chennai Super Kings,wickets,5.0,203.0
11,Rajasthan Royals,Delhi Capitals,Delhi Capitals,field,Sawai Mansingh Stadium,Rajasthan Royals,runs,10.0,71.0
11,Mumbai Indians,Sunrisers Hyderabad,Sunrisers Hyderabad,field,Rajiv Gandhi International Stadium,Sunrisers Hyderabad,wickets,1.0,148.0
11,Punjab Kings,Royal Challengers Bangalore,Royal Challengers Bangalore,field,M.Chinnaswamy Stadium,Royal Challengers Bangalore,wickets,4.0,156.0
11,Mumbai Indians,Delhi Capitals,Delhi Capitals,field,Wankhede Stadium,Delhi Capitals,wickets,7.0,195.0
11,Kolkata Knight Riders,Sunrisers Hyderabad,Sunrisers Hyderabad,field,Eden Gardens,Sunrisers Hyderabad,wickets,5.0,139.0
11,Rajasthan Royals,Royal Challengers Bangalore,Royal Challengers Bangalore,field,M.Chinnaswamy Stadium,Rajasthan Royals,runs,19.0,218.0
11,Punjab Kings,Chennai Super Kings,Chennai Super Kings,field,Punjab Cricket Association IS Bindra Stadium,Punjab Kings,runs,4.0,198.0
11,Kolkata Knight Riders,Delhi Capitals,Delhi Capitals,field,Eden Gardens,Kolkata Knight Riders,runs,71.0,201.0
11,Mumbai Indians,Royal Challengers Bangalore,Royal Challengers Bangalore,field,Wankhede Stadium,Mumbai Indians,runs,46.0,214.0
11,Rajasthan Royals,Kolkata Knight Riders,Kolkata Knight Riders,field,Sawai Mansingh Stadium,Kolkata Knight Riders,wickets,7.0,161.0
11,Punjab Kings,Sunrisers Hyderabad,Punjab Kings,bat,Punjab Cricket Association IS Bindra Stadium,Punjab Kings,runs,15.0,194.0
11,Chennai Super Kings,Rajasthan Royals,Rajasthan Royals,field,Maharashtra Cricket Association Stadium,Chennai Super Kings,runs,64.0,205.0
11,Delhi Capitals,Royal Challengers Bangalore,Royal Challengers Bangalore,field,M.Chinnaswamy Stadium,Royal Challengers Bangalore,wickets,9.0,125.0
11,Kolkata Knight Riders,Punjab Kings,Punjab Kings,field,Eden Gardens,Punjab Kings,wickets,6.0,175.0
11,Mumbai Indians,Rajasthan Royals,Mumbai Indians,bat,Sawai Mansingh Stadium,Rajasthan Royals,runs,4.0,183.0
11,Chennai Super Kings,Sunrisers Hyderabad,Sunrisers Hyderabad,field,Rajiv Gandhi International Stadium,Chennai Super Kings,wickets,3.0,168.0
11,Punjab Kings,Delhi Capitals,Delhi Capitals,field,Arun Jaitley Stadium,Punjab Kings,runs,4.0,144.0
11,Sunrisers Hyderabad,Mumbai Indians,Mumbai Indians,field,Wankhede Stadium,Sunrisers Hyderabad,runs,31.0,119.0
11,Royal Challengers Bangalore,Chennai Super Kings,Chennai Super Kings,field,M.Chinnaswamy Stadium,Chennai Super Kings,wickets,5.0,206.0
11,Sunrisers Hyderabad,Punjab Kings,Punjab Kings,field,Rajiv Gandhi International Stadium,Sunrisers Hyderabad,runs,13.0,133.0
11,Delhi Capitals,Kolkata Knight Riders,Kolkata Knight Riders,field,Arun Jaitley Stadium,Delhi Capitals,runs,55.0,220.0
11,Chennai Super Kings,Mumbai Indians,Mumbai Indians,field,Maharashtra Cricket Association Stadium,Mumbai Indians,wickets,8.0,170.0
11,Sunrisers Hyderabad,Rajasthan Royals,Sunrisers Hyderabad,bat,Sawai Mansingh Stadium,Sunrisers Hyderabad,runs,11.0,152.0
11,Royal Challengers Bangalore,Kolkata Knight Riders,Kolkata Knight Riders,field,M.Chinnaswamy Stadium,Kolkata Knight Riders,wickets,6.0,176.0
11,Chennai Super Kings,Delhi Capitals,Delhi Capitals,field,Maharashtra Cricket Association Stadium,Chennai Super Kings,runs,13.0,212.0
11,Royal Challengers Bangalore,Mumbai Indians,Mumbai Indians,field,M.Chinnaswamy Stadium,Royal Challengers Bangalore,runs,14.0,168.0
11,Delhi Capitals,Rajasthan Royals,Rajasthan Royals,field,Arun Jaitley Stadium,Delhi Capitals,runs,4.0,151.0
11,Chennai Super Kings,Kolkata Knight Riders,Kolkata Knight Riders,field,Eden Gardens,Kolkata Knight Riders,wickets,6.0,178.0
11,Punjab Kings,Mumbai Indians,Mumbai Indians,field,Holkar Cricket Stadium,Mumbai Indians,wickets,6.0,175.0
11,Royal Challengers Bangalore,Chennai Super Kings,Chennai Super Kings,field,Maharashtra Cricket Association Stadium,Chennai Super Kings,wickets,6.0,128.0
11,Delhi Capitals,Sunrisers Hyderabad,Delhi Capitals,bat,Rajiv Gandhi International Stadium,Sunrisers Hyderabad,wickets,7.0,164.0
11,Rajasthan Royals,Punjab Kings,Punjab Kings,field,Holkar Cricket Stadium,Punjab Kings,runs,13.0,182.0
11,Mumbai Indians,Kolkata Knight Riders,Kolkata Knight Riders,field,Wankhede Stadium,Mumbai Indians,wickets,6.0,153.0
11,Sunrisers Hyderabad,Royal Challengers Bangalore,Royal Challengers Bangalore,field,Rajiv Gandhi International Stadium,Sunrisers Hyderabad,runs,5.0,147.0
11,Rajasthan Royals,Punjab Kings,Rajasthan Royals,bat,Sawai Mansingh Stadium,Rajasthan Royals,runs,15.0,159.0
11,Mumbai Indians,Kolkata Knight Riders,Kolkata Knight Riders,field,Eden Gardens,Mumbai Indians,runs,102.0,211.0
11,Delhi Capitals,Sunrisers Hyderabad,Delhi Capitals,bat,Arun Jaitley Stadium,Sunrisers Hyderabad,wickets,9.0,188.0
11,Chennai Super Kings,Rajasthan Royals,Chennai Super Kings,bat,Sawai Mansingh Stadium,Rajasthan Royals,wickets,4.0,177.0
11,Delhi Capitals,Royal Challengers Bangalore,Royal Challengers Bangalore,field,Arun Jaitley Stadium,Royal Challengers Bangalore,runs,31.0,246.0
11,Kolkata Knight Riders,Punjab Kings,Punjab Kings,field,Holkar Cricket Stadium,Kolkata Knight Riders,wickets,5.0,182.0
11,Mumbai Indians,Rajasthan Royals,Rajasthan Royals,field,Wankhede Stadium,Rajasthan Royals,wickets,8.0,180.0
11,Sunrisers Hyderabad,Chennai Super Kings,Chennai Super Kings,field,Maharashtra Cricket Association Stadium,Chennai Super Kings,wickets,7.0,169.0
11,Punjab Kings,Royal Challengers Bangalore,Royal Challengers Bangalore,field,Holkar Cricket Stadium,Royal Challengers Bangalore,wickets,10.0,89.0
11,Rajasthan Royals,Kolkata Knight Riders,Kolkata Knight Riders,field,Eden Gardens,Kolkata Knight Riders,wickets,6.0,143.0
11,Mumbai Indians,Punjab Kings,Punjab Kings,field,Wankhede Stadium,Mumbai Indians,runs,3.0,187.0
11,Royal Challengers Bangalore,Sunrisers Hyderabad,Sunrisers Hyderabad,field,M.Chinnaswamy Stadium,Royal Challengers Bangalore,runs,14.0,219.0
11,Delhi Capitals,Chennai Super Kings,Chennai Super Kings,field,Arun Jaitley Stadium,Delhi Capitals,runs,34.0,163.0
11,Rajasthan Royals,Royal Challengers Bangalore,Rajasthan Royals,bat,Sawai Mansingh Stadium,Rajasthan Royals,runs,30.0,165.0
11,Sunrisers Hyderabad,Kolkata Knight Riders,Sunrisers Hyderabad,bat,Rajiv Gandhi International Stadium,Kolkata Knight Riders,wickets,5.0,173.0
11,Punjab Kings,Chennai Super Kings,Chennai Super Kings,field,Maharashtra Cricket Association Stadium,Chennai Super Kings,runs,11.0,175.0
11,Delhi Capitals,Mumbai Indians,Delhi Capitals,bat,Arun Jaitley Stadium,Delhi Capitals,wickets,5.0,154.0
11,Sunrisers Hyderabad,Chennai Super Kings,Chennai Super Kings,field,Wankhede Stadium,Chennai Super Kings,wickets,2.0,140.0
11,Kolkata Knight Riders,Rajasthan Royals,Rajasthan Royals,field,Eden Gardens,Kolkata Knight Riders,runs,25.0,170.0
11,Sunrisers Hyderabad,Kolkata Knight Riders,Kolkata Knight Riders,field,Eden Gardens,Sunrisers Hyderabad,runs,14.0,175.0
11,Sunrisers Hyderabad,Chennai Super Kings,Chennai Super Kings,field,Wankhede Stadium,Chennai Super Kings,wickets,8.0,179.0
12,Royal Challengers Bangalore,Chennai Super Kings,Chennai Super Kings,field,MA Chidambaram Stadium,Chennai Super Kings,wickets,7.0,71.0
12,Sunrisers Hyderabad,Kolkata Knight Riders,Kolkata Knight Riders,field,Eden Gardens,Kolkata Knight Riders,wickets,6.0,182.0
12,Delhi Capitals,Mumbai Indians,Mumbai Indians,field,Wankhede Stadium,Delhi Capitals,runs,37.0,214.0
12,Punjab Kings,Rajasthan Royals,Rajasthan Royals,field,Sawai Mansingh Stadium,Punjab Kings,runs,14.0,185.0
12,Delhi Capitals,Chennai Super Kings,Delhi Capitals,bat,Arun Jaitley Stadium,Chennai Super Kings,wickets,6.0,148.0
12,Kolkata Knight Riders,Punjab Kings,Punjab Kings,field,Eden Gardens,Kolkata Knight Riders,runs,28.0,219.0
12,Mumbai Indians,Royal Challengers Bangalore,Royal Challengers Bangalore,field,M.Chinnaswamy Stadium,Mumbai Indians,runs,6.0,188.0
12,Rajasthan Royals,Sunrisers Hyderabad,Rajasthan Royals,bat,Rajiv Gandhi International Stadium,Sunrisers Hyderabad,wickets,5.0,199.0
12,Kolkata Knight Riders,Delhi Capitals,Delhi Capitals,field,Arun Jaitley Stadium,,wickets,8.0,177.0
12,Mumbai Indians,Punjab Kings,Punjab Kings,field,Punjab Cricket Association IS Bindra Stadium,Punjab Kings,tie,,186.0
12,Chennai Super Kings,Rajasthan Royals,Rajasthan Royals,field,MA Chidambaram Stadium,Chennai Super Kings,runs,118.0,232.0
12,Sunrisers Hyderabad,Royal Challengers Bangalore,Royal Challengers Bangalore,field,Rajiv Gandhi International Stadium,Sunrisers Hyderabad,runs,8.0,176.0
12,Punjab Kings,Delhi Capitals,Delhi Capitals,field,Punjab Cricket Association IS Bindra Stadium,Punjab Kings,runs,14.0,167.0
12,Royal Challengers Bangalore,Rajasthan Royals,Rajasthan Royals,field,Sawai Mansingh Stadium,Rajasthan Royals,wickets,7.0,159.0
12,Mumbai Indians,Chennai Super Kings,Chennai Super Kings,field,Wankhede Stadium,Mumbai Indians,runs,37.0,171.0
12,Delhi Capitals,Sunrisers Hyderabad,Sunrisers Hyderabad,field,Arun Jaitley Stadium,Sunrisers Hyderabad,wickets,5.0,130.0
12,Royal Challengers Bangalore,Kolkata Knight Riders,Kolkata Knight Riders,field,M.Chinnaswamy Stadium,Kolkata Knight Riders,wickets,5.0,206.0
12,Mumbai Indians,Sunrisers Hyderabad,Sunrisers Hyderabad,field,Rajiv Gandhi International Stadium,Mumbai Indians,runs,22.0,161.0
12,Chennai Super Kings,Punjab Kings,Chennai Super Kings,bat,MA Chidambaram Stadium,Chennai Super Kings,runs,40.0,137.0
12,Royal Challengers Bangalore,Delhi Capitals,Delhi Capitals,field,M.Chinnaswamy Stadium,Delhi Capitals,wickets,4.0,150.0
12,Rajasthan Royals,Kolkata Knight Riders,Kolkata Knight Riders,field,Sawai Mansingh Stadium,Kolkata Knight Riders,wickets,8.0,140.0
12,Sunrisers Hyderabad,Punjab Kings,Punjab Kings,field,Punjab Cricket Association IS Bindra Stadium,Punjab Kings,wickets,6.0,151.0
12,Kolkata Knight Riders,Chennai Super Kings,Chennai Super Kings,field,MA Chidambaram Stadium,Chennai Super Kings,wickets,7.0,109.0
12,Punjab Kings,Mumbai Indians,Mumbai Indians,field,Wankhede Stadium,Mumbai Indians,wickets,3.0,198.0
12,Rajasthan Royals,Chennai Super Kings,Chennai Super Kings,field,Sawai Mansingh Stadium,Chennai Super Kings,wickets,4.0,152.0
12,Kolkata Knight Riders,Delhi Capitals,Delhi Capitals,field,Eden Gardens,Delhi Capitals,wickets,7.0,179.0
12,Punjab Kings,Royal Challengers Bangalore,Royal Challengers Bangalore,field,Punjab Cricket Association IS Bindra Stadium,Royal Challengers Bangalore,wickets,4.0,188.0
12,Mumbai Indians,Rajasthan Royals,Rajasthan Royals,field,Wankhede Stadium,Rajasthan Royals,wickets,8.0,174.0
12,Delhi Capitals,Sunrisers Hyderabad,Sunrisers Hyderabad,field,Rajiv Gandhi International Stadium,Delhi Capitals,wickets,5.0,162.0
12,Kolkata Knight Riders,Chennai Super Kings,Chennai Super Kings,field,Eden Gardens,Chennai Super Kings,runs,39.0,156.0
12,Royal Challengers Bangalore,Mumbai Indians,Mumbai Indians,field,Wankhede Stadium,Mumbai Indians,wickets,5.0,172.0
12,Punjab Kings,Rajasthan Royals,Rajasthan Royals,field,Punjab Cricket Association IS Bindra Stadium,Punjab Kings,runs,12.0,183.0
12,Chennai Super Kings,Sunrisers Hyderabad,Chennai Super Kings,bat,Rajiv Gandhi International Stadium,Sunrisers Hyderabad,wickets,6.0,133.0
12,Mumbai Indians,Delhi Capitals,Mumbai Indians,bat,Arun Jaitley Stadium,Mumbai Indians,runs,40.0,169.0
12,Royal Challengers Bangalore,Kolkata Knight Riders,Kolkata Knight Riders,field,Eden Gardens,Royal Challengers Bangalore,runs,10.0,214.0
12,Punjab Kings,Delhi Capitals,Delhi Capitals,field,Arun Jaitley Stadium,Delhi Capitals,wickets,5.0,162.0
12,Mumbai Indians,Rajasthan Royals,Rajasthan Royals,field,Sawai Mansingh Stadium,Rajasthan Royals,wickets,5.0,164.0
12,Kolkata Knight Riders,Sunrisers Hyderabad,Sunrisers Hyderabad,field,Rajiv Gandhi International Stadium,Sunrisers Hyderabad,wickets,9.0,160.0
12,Royal Challengers Bangalore,Chennai Super Kings,Chennai Super Kings,field,M.Chinnaswamy Stadium,Royal Challengers Bangalore,runs,1.0,162.0
12,Rajasthan Royals,Delhi Capitals,Delhi Capitals,field,Sawai Mansingh Stadium,Delhi Capitals,wickets,6.0,192.0
12,Sunrisers Hyderabad,Chennai Super Kings,Chennai Super Kings,field,MA Chidambaram Stadium,Chennai Super Kings,wickets,6.0,176.0
12,Royal Challengers Bangalore,Punjab Kings,Punjab Kings,field,M.Chinnaswamy Stadium,Royal Challengers Bangalore,runs,17.0,203.0
12,Kolkata Knight Riders,Rajasthan Royals,Rajasthan Royals,field,Eden Gardens,Rajasthan Royals,wickets,3.0,176.0
12,Mumbai Indians,Chennai Super Kings,Chennai Super Kings,field,MA Chidambaram Stadium,Mumbai Indians,runs,46.0,156.0
12,Sunrisers Hyderabad,Rajasthan Royals,Rajasthan Royals,field,Sawai Mansingh Stadium,Rajasthan Royals,wickets,7.0,161.0
12,Delhi Capitals,Royal Challengers Bangalore,Delhi Capitals,bat,Arun Jaitley Stadium,Delhi Capitals,runs,16.0,188.0
12,Kolkata Knight Riders,Mumbai Indians,Mumbai Indians,field,Eden Gardens,Kolkata Knight Riders,runs,34.0,233.0
12,Sunrisers Hyderabad,Punjab Kings,Punjab Kings,field,Rajiv Gandhi International Stadium,Sunrisers Hyderabad,runs,45.0,213.0
12,Royal Challengers Bangalore,Rajasthan Royals,Rajasthan Royals,field,M.Chinnaswamy Stadium,,no result,,63.0
12,Chennai Super Kings,Delhi Capitals,Delhi Capitals,field,MA Chidambaram Stadium,Chennai Super Kings,runs,80.0,180.0
12,Mumbai Indians,Sunrisers Hyderabad,Mumbai Indians,bat,Wankhede Stadium,,tie,,163.0
12,Punjab Kings,Kolkata Knight Riders,Kolkata Knight Riders,field,Punjab Cricket Association IS Bindra Stadium,Kolkata Knight Riders,wickets,7.0,184.0
12,Rajasthan Royals,Delhi Capitals,Rajasthan Royals,bat,Arun Jaitley Stadium,Delhi Capitals,wickets,5.0,116.0
12,Sunrisers Hyderabad,Royal Challengers Bangalore,Royal Challengers Bangalore,field,M.Chinnaswamy Stadium,Royal Challengers Bangalore,wickets,4.0,176.0
12,Kolkata Knight Riders,Mumbai Indians,Mumbai Indians,field,Wankhede Stadium,Mumbai Indians,wickets,6.0,171.0
12,Chennai Super Kings,Punjab Kings,Punjab Kings,field,Punjab Cricket Association IS Bindra Stadium,Punjab Kings,wickets,9.0,134.0
12,Chennai Super Kings,Mumbai Indians,Chennai Super Kings,bat,MA Chidambaram Stadium,Mumbai Indians,wickets,6.0,132.0
12,Sunrisers Hyderabad,Delhi Capitals,Delhi Capitals,field,Dr. Y.S. Rajasekhara Reddy ACA-VDCA Cricket Stadium,Delhi Capitals,wickets,2.0,163.0
12,Delhi Capitals,Chennai Super Kings,Chennai Super Kings,field,Dr. Y.S. Rajasekhara Reddy ACA-VDCA Cricket Stadium,Chennai Super Kings,wickets,6.0,148.0
12,Mumbai Indians,Chennai Super Kings,Mumbai Indians,bat,Rajiv Gandhi International Stadium,Mumbai Indians,runs,1.0,150.0
13,Mumbai Indians,Chennai Super Kings,Chennai Super Kings,field,Sheikh Zayed Stadium,Chennai Super Kings,wickets,5.0,163.0
13,Delhi Capitals,Punjab Kings,Punjab Kings,field,Dubai International Cricket Stadium,,tie,,158.0
13,Royal Challengers Bangalore,Sunrisers Hyderabad,Sunrisers Hyderabad,field,Dubai International Cricket Stadium,Royal Challengers Bangalore,runs,10.0,164.0
13,Rajasthan Royals,Chennai Super Kings,Chennai Super Kings,field,Sharjah Cricket Stadium,Rajasthan Royals,runs,16.0,217.0
13,Mumbai Indians,Kolkata Knight Riders,Kolkata Knight Riders,field,Sheikh Zayed Stadium,Mumbai Indians,runs,49.0,196.0
13,Punjab Kings,Royal Challengers Bangalore,Royal Challengers Bangalore,field,Dubai International Cricket Stadium,Punjab Kings,runs,97.0,207.0
13,Delhi Capitals,Chennai Super Kings,Chennai Super Kings,field,Dubai International Cricket Stadium,Delhi Capitals,runs,44.0,176.0
13,Sunrisers Hyderabad,Kolkata Knight Riders,Sunrisers Hyderabad,bat,Sheikh Zayed Stadium,Kolkata Knight Riders,wickets,7.0,143.0
13,Punjab Kings,Rajasthan Royals,Rajasthan Royals,field,Sharjah Cricket Stadium,Rajasthan Royals,wickets,4.0,224.0
13,Royal Challengers Bangalore,Mumbai Indians,Mumbai Indians,field,Dubai International Cricket Stadium,,tie,,202.0
13,Sunrisers Hyderabad,Delhi Capitals,Delhi Capitals,field,Sheikh Zayed Stadium,Sunrisers Hyderabad,runs,15.0,163.0
13,Kolkata Knight Riders,Rajasthan Royals,Rajasthan Royals,field,Dubai International Cricket Stadium,Kolkata Knight Riders,runs,37.0,175.0
13,Mumbai Indians,Punjab Kings,Punjab Kings,field,Sheikh Zayed Stadium,Mumbai Indians,runs,48.0,192.0
13,Sunrisers Hyderabad,Chennai Super Kings,Sunrisers Hyderabad,bat,Dubai International Cricket Stadium,Sunrisers Hyderabad,runs,7.0,165.0
13,Rajasthan Royals,Royal Challengers Bangalore,Rajasthan Royals,bat,Sheikh Zayed Stadium,Royal Challengers Bangalore,wickets,8.0,155.0
13,Delhi Capitals,Kolkata Knight Riders,Kolkata Knight Riders,field,Sharjah Cricket Stadium,Delhi Capitals,runs,18.0,229.0
13,Mumbai Indians,Sunrisers Hyderabad,Mumbai Indians,bat,Sharjah Cricket Stadium,Mumbai Indians,wickets,10.0,179.0
13,Punjab Kings,Chennai Super Kings,Punjab Kings,bat,Dubai International Cricket Stadium,Chennai Super Kings,runs,34.0,209.0
13,Delhi Capitals,Royal Challengers Bangalore,Royal Challengers Bangalore,field,Dubai International Cricket Stadium,Delhi Capitals,runs,59.0,197.0
13,Mumbai Indians,Rajasthan Royals,Mumbai Indians,bat,Sheikh Zayed Stadium,Mumbai Indians,runs,57.0,194.0
13,Kolkata Knight Riders,Chennai Super Kings,Kolkata Knight Riders,bat,Sheikh Zayed Stadium,Kolkata Knight Riders,runs,10.0,168.0
13,Sunrisers Hyderabad,Punjab Kings,Sunrisers Hyderabad,bat,Dubai International Cricket Stadium,Sunrisers Hyderabad,runs,69.0,202.0
13,Delhi Capitals,Rajasthan Royals,Rajasthan Royals,field,Sharjah Cricket Stadium,Delhi Capitals,runs,46.0,185.0
13,Kolkata Knight Riders,Punjab Kings,Kolkata Knight Riders,bat,Sheikh Zayed Stadium,Kolkata Knight Riders,runs,2.0,165.0
13,Royal Challengers Bangalore,Chennai Super Kings,Royal Challengers Bangalore,bat,Dubai International Cricket Stadium,Royal Challengers Bangalore,runs,37.0,170.0
13,Sunrisers Hyderabad,Rajasthan Royals,Sunrisers Hyderabad,bat,Dubai International Cricket Stadium,Rajasthan Royals,wickets,5.0,159.0
13,Delhi Capitals,Mumbai Indians,Delhi Capitals,bat,Sheikh Zayed Stadium,Mumbai Indians,wickets,5.0,163.0
13,Royal Challengers Bangalore,Kolkata Knight Riders,Royal Challengers Bangalore,bat,Sharjah Cricket Stadium,Royal Challengers Bangalore,runs,82.0,195.0
13,Chennai Super Kings,Sunrisers Hyderabad,Chennai Super Kings,bat,Dubai International Cricket Stadium,Chennai Super Kings,runs,20.0,168.0
13,Delhi Capitals,Rajasthan Royals,Delhi Capitals,bat,Dubai International Cricket Stadium,Delhi Capitals,runs,13.0,162.0
13,Royal Challengers Bangalore,Punjab Kings,Royal Challengers Bangalore,bat,Sharjah Cricket Stadium,Punjab Kings,wickets,8.0,172.0
13,Kolkata Knight Riders,Mumbai Indians,Kolkata Knight Riders,bat,Sheikh Zayed Stadium,Mumbai Indians,wickets,8.0,149.0
13,Chennai Super Kings,Delhi Capitals,Chennai Super Kings,bat,Sharjah Cricket Stadium,Delhi Capitals,wickets,5.0,180.0
13,Rajasthan Royals,Royal Challengers Bangalore,Rajasthan Royals,bat,Dubai International Cricket Stadium,Royal Challengers Bangalore,wickets,7.0,178.0
13,Kolkata Knight Riders,Sunrisers Hyderabad,Sunrisers Hyderabad,field,Sheikh Zayed Stadium,,tie,,164.0
13,Mumbai Indians,Punjab Kings,Mumbai Indians,bat,Dubai International Cricket Stadium,,tie,,177.0
13,Chennai Super Kings,Rajasthan Royals,Chennai Super Kings,bat,Sheikh Zayed Stadium,Rajasthan Royals,wickets,7.0,126.0
13,Delhi Capitals,Punjab Kings,Delhi Capitals,bat,Dubai International Cricket Stadium,Punjab Kings,wickets,5.0,165.0
13,Kolkata Knight Riders,Royal Challengers Bangalore,Kolkata Knight Riders,bat,Sheikh Zayed Stadium,Royal Challengers Bangalore,wickets,8.0,85.0
13,Rajasthan Royals,Sunrisers Hyderabad,Sunrisers Hyderabad,field,Dubai International Cricket Stadium,Sunrisers Hyderabad,wickets,8.0,155.0
13,Chennai Super Kings,Mumbai Indians,Mumbai Indians,field,Sharjah Cricket Stadium,Mumbai Indians,wickets,10.0,115.0
13,Kolkata Knight Riders,Delhi Capitals,Delhi Capitals,field,Sheikh Zayed Stadium,Kolkata Knight Riders,runs,59.0,195.0
13,Punjab Kings,Sunrisers Hyderabad,Sunrisers Hyderabad,field,Dubai International Cricket Stadium,Punjab Kings,runs,12.0,127.0
13,Mumbai Indians,Rajasthan Royals,Mumbai Indians,bat,Sheikh Zayed Stadium,Rajasthan Royals,wickets,8.0,196.0
13,Royal Challengers Bangalore,Chennai Super Kings,Royal Challengers Bangalore,bat,Dubai International Cricket Stadium,Chennai Super Kings,wickets,8.0,146.0
13,Kolkata Knight Riders,Punjab Kings,Punjab Kings,field,Sharjah Cricket Stadium,Punjab Kings,wickets,8.0,150.0
13,Sunrisers Hyderabad,Delhi Capitals,Delhi Capitals,field,Dubai International Cricket Stadium,Sunrisers Hyderabad,runs,88.0,220.0
13,Royal Challengers Bangalore,Mumbai Indians,Mumbai Indians,field,Sheikh Zayed Stadium,Mumbai Indians,wickets,5.0,165.0
13,Kolkata Knight Riders,Chennai Super Kings,Chennai Super Kings,field,Dubai International Cricket Stadium,Chennai Super Kings,wickets,6.0,173.0
13,Punjab Kings,Rajasthan Royals,Rajasthan Royals,field,Sheikh Zayed Stadium,Rajasthan Royals,wickets,7.0,186.0
13,Delhi Capitals,Mumbai Indians,Mumbai Indians,field,Dubai International Cricket Stadium,Mumbai Indians,wickets,5.0,121.0
13,Royal Challengers Bangalore,Sunrisers Hyderabad,Sunrisers Hyderabad,field,Sharjah Cricket Stadium,Sunrisers Hyderabad,wickets,9.0,111.0
13,Kolkata Knight Riders,Rajasthan Royals,Rajasthan Royals,field,Dubai International Cricket Stadium,Kolkata Knight Riders,wickets,9.0,154.0
13,Punjab Kings,Chennai Super Kings,Chennai Super Kings,field,Sheikh Zayed Stadium,Chennai Super Kings,runs,60.0,192.0
13,Royal Challengers Bangalore,Delhi Capitals,Delhi Capitals,field,Sheikh Zayed Stadium,Delhi Capitals,wickets,6.0,153.0
13,Mumbai Indians,Sunrisers Hyderabad,Sunrisers Hyderabad,field,Sharjah Cricket Stadium,Sunrisers Hyderabad,wickets,10.0,150.0
13,Mumbai Indians,Delhi Capitals,Delhi Capitals,field,Dubai International Cricket Stadium,Mumbai Indians,runs,57.0,201.0
13,Royal Challengers Bangalore,Sunrisers Hyderabad,Sunrisers Hyderabad,field,Sheikh Zayed Stadium,Sunrisers Hyderabad,wickets,6.0,132.0
13,Delhi Capitals,Sunrisers Hyderabad,Delhi Capitals,bat,Sheikh Zayed Stadium,Delhi Capitals,runs,17.0,190.0
13,Delhi Capitals,Mumbai Indians,Delhi Capitals,bat,Dubai International Cricket Stadium,Mumbai Indians,wickets,5.0,157.0
14,Mumbai Indians,Royal Challengers Bangalore,Royal Challengers Bangalore,field,"MA Chidambaram Stadium, Chepauk, Chennai",Royal Challengers Bangalore,wickets,2.0,160.0
14,Chennai Super Kings,Delhi Capitals,Delhi Capitals,field,"Wankhede Stadium, Mumbai",Delhi Capitals,wickets,7.0,189.0
14,Kolkata Knight Riders,Sunrisers Hyderabad,Sunrisers Hyderabad,field,"MA Chidambaram Stadium, Chepauk, Chennai",Kolkata Knight Riders,runs,10.0,188.0
14,Punjab Kings,Rajasthan Royals,Rajasthan Royals,field,"Wankhede Stadium, Mumbai",Punjab Kings,runs,4.0,222.0
14,Mumbai Indians,Kolkata Knight Riders,Kolkata Knight Riders,field,"MA Chidambaram Stadium, Chepauk, Chennai",Mumbai Indians,runs,10.0,153.0
14,Royal Challengers Bangalore,Sunrisers Hyderabad,Sunrisers Hyderabad,field,"MA Chidambaram Stadium, Chepauk, Chennai",Royal Challengers Bangalore,runs,6.0,150.0
14,Delhi Capitals,Rajasthan Royals,Rajasthan Royals,field,"Wankhede Stadium, Mumbai",Rajasthan Royals,wickets,3.0,148.0
14,Punjab Kings,Chennai Super Kings,Chennai Super Kings,field,"Wankhede Stadium, Mumbai",Chennai Super Kings,wickets,6.0,107.0
14,Mumbai Indians,Sunrisers Hyderabad,Mumbai Indians,bat,"MA Chidambaram Stadium, Chepauk, Chennai",Mumbai Indians,runs,13.0,151.0
14,Punjab Kings,Delhi Capitals,Delhi Capitals,field,"Wankhede Stadium, Mumbai",Delhi Capitals,runs,38.0,205.0
14,Royal Challengers Bangalore,Kolkata Knight Riders,Royal Challengers Bangalore,bat,"MA Chidambaram Stadium, Chepauk, Chennai",Royal Challengers Bangalore,wickets,6.0,196.0
14,Chennai Super Kings,Rajasthan Royals,Rajasthan Royals,field,"Wankhede Stadium, Mumbai",Chennai Super Kings,runs,45.0,189.0
14,Mumbai Indians,Delhi Capitals,Mumbai Indians,bat,"MA Chidambaram Stadium, Chepauk, Chennai",Delhi Capitals,wickets,6.0,138.0
14,Punjab Kings,Sunrisers Hyderabad,Punjab Kings,bat,"MA Chidambaram Stadium, Chepauk, Chennai",Sunrisers Hyderabad,wickets,9.0,121.0
14,Chennai Super Kings,Kolkata Knight Riders,Kolkata Knight Riders,field,"Wankhede Stadium, Mumbai",Chennai Super Kings,runs,18.0,221.0
14,Rajasthan Royals,Royal Challengers Bangalore,Royal Challengers Bangalore,field,"Wankhede Stadium, Mumbai",Royal Challengers Bangalore,wickets,10.0,178.0
14,Mumbai Indians,Punjab Kings,Punjab Kings,field,"MA Chidambaram Stadium, Chepauk, Chennai",Punjab Kings,wickets,9.0,132.0
14,Kolkata Knight Riders,Rajasthan Royals,Rajasthan Royals,field,"Wankhede Stadium, Mumbai",Rajasthan Royals,wickets,6.0,134.0
14,Chennai Super Kings,Royal Challengers Bangalore,Chennai Super Kings,bat,"Wankhede Stadium, Mumbai",Chennai Super Kings,runs,69.0,192.0
14,Delhi Capitals,Sunrisers Hyderabad,Delhi Capitals,bat,"MA Chidambaram Stadium, Chepauk, Chennai",,tie,,160.0
14,Punjab Kings,Kolkata Knight Riders,Kolkata Knight Riders,field,"Narendra Modi Stadium, Ahmedabad",Kolkata Knight Riders,wickets,5.0,124.0
14,Royal Challengers Bangalore,Delhi Capitals,Delhi Capitals,field,"Narendra Modi Stadium, Ahmedabad",Royal Challengers Bangalore,runs,1.0,172.0
14,Sunrisers Hyderabad,Chennai Super Kings,Sunrisers Hyderabad,bat,"Arun Jaitley Stadium, Delhi",Chennai Super Kings,wickets,7.0,172.0
14,Kolkata Knight Riders,Delhi Capitals,Delhi Capitals,field,"Narendra Modi Stadium, Ahmedabad",Delhi Capitals,wickets,7.0,172.0
14,Rajasthan Royals,Mumbai Indians,Mumbai Indians,field,"Arun Jaitley Stadium, Delhi",Mumbai Indians,wickets,7.0,155.0
14,Punjab Kings,Royal Challengers Bangalore,Royal Challengers Bangalore,field,"Narendra Modi Stadium, Ahmedabad",Punjab Kings,runs,34.0,180.0
14,Chennai Super Kings,Mumbai Indians,Mumbai Indians,field,"Arun Jaitley Stadium, Delhi",Mumbai Indians,wickets,4.0,219.0
14,Rajasthan Royals,Sunrisers Hyderabad,Sunrisers Hyderabad,field,"Arun Jaitley Stadium, Delhi",Rajasthan Royals,runs,55.0,221.0
14,Punjab Kings,Delhi Capitals,Delhi Capitals,field,"Narendra Modi Stadium, Ahmedabad",Delhi Capitals,wickets,7.0,167.0
14,Chennai Super Kings,Mumbai Indians,Chennai Super Kings,bat,Dubai International Cricket Stadium,Chennai Super Kings,runs,20.0,157.0
14,Royal Challengers Bangalore,Kolkata Knight Riders,Royal Challengers Bangalore,bat,"Zayed Cricket Stadium, Abu Dhabi",Kolkata Knight Riders,wickets,9.0,93.0
14,Rajasthan Royals,Punjab Kings,Punjab Kings,field,Dubai International Cricket Stadium,Rajasthan Royals,runs,2.0,186.0
14,Sunrisers Hyderabad,Delhi Capitals,Sunrisers Hyderabad,bat,Dubai International Cricket Stadium,Delhi Capitals,wickets,8.0,135.0
14,Mumbai Indians,Kolkata Knight Riders,Kolkata Knight Riders,field,"Zayed Cricket Stadium, Abu Dhabi",Kolkata Knight Riders,wickets,7.0,156.0
14,Royal Challengers Bangalore,Chennai Super Kings,Chennai Super Kings,field,Sharjah Cricket Stadium,Chennai Super Kings,wickets,6.0,157.0
14,Punjab Kings,Sunrisers Hyderabad,Sunrisers Hyderabad,field,Sharjah Cricket Stadium,Punjab Kings,runs,33.0,155.0
14,Delhi Capitals,Rajasthan Royals,Rajasthan Royals,field,"Zayed Cricket Stadium, Abu Dhabi",Delhi Capitals,runs,5.0,126.0
14,Kolkata Knight Riders,Chennai Super Kings,Kolkata Knight Riders,bat,"Zayed Cricket Stadium, Abu Dhabi",Chennai Super Kings,wickets,2.0,172.0
14,Royal Challengers Bangalore,Mumbai Indians,Mumbai Indians,field,Dubai International Cricket Stadium,Royal Challengers Bangalore,runs,54.0,166.0
14,Rajasthan Royals,Sunrisers Hyderabad,Rajasthan Royals,bat,Dubai International Cricket Stadium,Sunrisers Hyderabad,wickets,7.0,165.0
14,Delhi Capitals,Kolkata Knight Riders,Kolkata Knight Riders,field,Sharjah Cricket Stadium,Kolkata Knight Riders,wickets,3.0,128.0
14,Punjab Kings,Mumbai Indians,Mumbai Indians,field,"Zayed Cricket Stadium, Abu Dhabi",Mumbai Indians,wickets,6.0,136.0
14,Rajasthan Royals,Royal Challengers Bangalore,Royal Challengers Bangalore,field,Dubai International Cricket Stadium,Royal Challengers Bangalore,wickets,7.0,150.0
14,Sunrisers Hyderabad,Chennai Super Kings,Chennai Super Kings,field,Sharjah Cricket Stadium,Chennai Super Kings,wickets,6.0,135.0
14,Kolkata Knight Riders,Punjab Kings,Punjab Kings,field,Dubai International Cricket Stadium,Punjab Kings,wickets,5.0,166.0
14,Mumbai Indians,Delhi Capitals,Delhi Capitals,field,Sharjah Cricket Stadium,Delhi Capitals,wickets,7.0,190.0
14,Chennai Super Kings,Rajasthan Royals,Rajasthan Royals,field,"Zayed Cricket Stadium, Abu Dhabi",Rajasthan Royals,wickets,4.0,130.0
14,Sunrisers Hyderabad,Kolkata Knight Riders,Sunrisers Hyderabad,bat,Dubai International Cricket Stadium,Kolkata Knight Riders,runs,6.0,165.0
14,Royal Challengers Bangalore,Punjab Kings,Royal Challengers Bangalore,bat,Sharjah Cricket Stadium,Royal Challengers Bangalore,wickets,6.0,116.0
14,Chennai Super Kings,Delhi Capitals,Delhi Capitals,field,Dubai International Cricket Stadium,Delhi Capitals,wickets,3.0,137.0
14,Rajasthan Royals,Mumbai Indians,Mumbai Indians,field,Sharjah Cricket Stadium,Mumbai Indians,wickets,8.0,91.0
14,Sunrisers Hyderabad,Royal Challengers Bangalore,Royal Challengers Bangalore,field,"Zayed Cricket Stadium, Abu Dhabi",Sunrisers Hyderabad,runs,4.0,142.0
14,Kolkata Knight Riders,Rajasthan Royals,Rajasthan Royals,field,Sharjah Cricket Stadium,Kolkata Knight Riders,wickets,6.0,135.0
14,Chennai Super Kings,Punjab Kings,Punjab Kings,field,Dubai International Cricket Stadium,Punjab Kings,runs,86.0,172.0
14,Mumbai Indians,Sunrisers Hyderabad,Mumbai Indians,bat,"Zayed Cricket Stadium, Abu Dhabi",Mumbai Indians,runs,42.0,236.0
14,Delhi Capitals,Royal Challengers Bangalore,Royal Challengers Bangalore,field,Dubai International Cricket Stadium,Royal Challengers Bangalore,wickets,7.0,165.0
14,Delhi Capitals,Chennai Super Kings,Chennai Super Kings,field,Dubai International Cricket Stadium,Chennai Super Kings,wickets,4.0,173.0
14,Royal Challengers Bangalore,Kolkata Knight Riders,Royal Challengers Bangalore,bat,Sharjah Cricket Stadium,Kolkata Knight Riders,wickets,4.0,139.0
14,Delhi Capitals,Kolkata Knight Riders,Kolkata Knight Riders,field,Sharjah Cricket Stadium,Kolkata Knight Riders,wickets,3.0,136.0
14,Chennai Super Kings,Kolkata Knight Riders,Kolkata Knight Riders,field,Dubai International Cricket Stadium,Chennai Super Kings,runs,27.0,193.0
15,Chennai Super Kings,Kolkata Knight Riders,Kolkata Knight Riders,field,"Wankhede Stadium, Mumbai",Kolkata Knight Riders,wickets,6.0,132.0
15,Mumbai Indians,Delhi Capitals,Delhi Capitals,field,"Brabourne Stadium, Mumbai",Delhi Capitals,wickets,4.0,178.0
15,Royal Challengers Bangalore,Punjab Kings,Punjab Kings,field,"Dr DY Patil Sports Academy, Mumbai",Punjab Kings,wickets,5.0,206.0
15,Lucknow Super Giants,Gujarat Titans,Gujarat Titans,field,"Wankhede Stadium, Mumbai",Gujarat Titans,wickets,5.0,159.0
15,Rajasthan Royals,Sunrisers Hyderabad,Sunrisers Hyderabad,field,"Maharashtra Cricket Association Stadium, Pune",Rajasthan Royals,runs,61.0,211.0
15,Kolkata Knight Riders,Royal Challengers Bangalore,Royal Challengers Bangalore,field,"Dr DY Patil Sports Academy, Mumbai",Royal Challengers Bangalore,wickets,3.0,129.0
15,Chennai Super Kings,Lucknow Super Giants,Lucknow Super Giants,field,"Brabourne Stadium, Mumbai",Lucknow Super Giants,wickets,6.0,211.0
15,Punjab Kings,Kolkata Knight Riders,Kolkata Knight Riders,field,"Wankhede Stadium, Mumbai",Kolkata Knight Riders,wickets,6.0,138.0
15,Gujarat Titans,Delhi Capitals,Delhi Capitals,field,"Maharashtra Cricket Association Stadium, Pune",Gujarat Titans,runs,23.0,194.0
15,Rajasthan Royals,Mumbai Indians,Mumbai Indians,field,"Dr DY Patil Sports Academy, Mumbai",Rajasthan Royals,runs,14.0,172.0
15,Punjab Kings,Chennai Super Kings,Chennai Super Kings,field,"Brabourne Stadium, Mumbai",Punjab Kings,runs,54.0,181.0
15,Lucknow Super Giants,Sunrisers Hyderabad,Sunrisers Hyderabad,field,"Dr DY Patil Sports Academy, Mumbai",Lucknow Super Giants,runs,12.0,170.0
15,Rajasthan Royals,Royal Challengers Bangalore,Royal Challengers Bangalore,field,"Wankhede Stadium, Mumbai",Royal Challengers Bangalore,wickets,4.0,170.0
15,Mumbai Indians,Kolkata Knight Riders,Kolkata Knight Riders,field,"Maharashtra Cricket Association Stadium, Pune",Kolkata Knight Riders,wickets,5.0,162.0
15,Delhi Capitals,Lucknow Super Giants,Lucknow Super Giants,field,"Dr DY Patil Sports Academy, Mumbai",Lucknow Super Giants,wickets,6.0,150.0
15,Punjab Kings,Gujarat Titans,Gujarat Titans,field,"Brabourne Stadium, Mumbai",Gujarat Titans,wickets,6.0,190.0
15,Chennai Super Kings,Sunrisers Hyderabad,Sunrisers Hyderabad,field,"Dr DY Patil Sports Academy, Mumbai",Sunrisers Hyderabad,wickets,8.0,155.0
15,Mumbai Indians,Royal Challengers Bangalore,Royal Challengers Bangalore,field,"Maharashtra Cricket Association Stadium, Pune",Royal Challengers Bangalore,wickets,7.0,152.0
15,Rajasthan Royals,Lucknow Super Giants,Lucknow Super Giants,field,"Wankhede Stadium, Mumbai",Rajasthan Royals,runs,44.0,216.0
15,Delhi Capitals,Kolkata Knight Riders,Kolkata Knight Riders,field,"Brabourne Stadium, Mumbai",Delhi Capitals,runs,3.0,166.0
15,Gujarat Titans,Sunrisers Hyderabad,Sunrisers Hyderabad,field,"Dr DY Patil Sports Academy, Mumbai",Sunrisers Hyderabad,wickets,8.0,163.0
15,Chennai Super Kings,Royal Challengers Bangalore,Royal Challengers Bangalore,field,"Dr DY Patil Sports Academy, Mumbai",Chennai Super Kings,runs,23.0,217.0
15,Punjab Kings,Mumbai Indians,Mumbai Indians,field,"Maharashtra Cricket Association Stadium, Pune",Punjab Kings,runs,12.0,199.0
15,Gujarat Titans,Rajasthan Royals,Rajasthan Royals,field,"Dr DY Patil Sports Academy, Mumbai",Gujarat Titans,runs,37.0,193.0
15,Kolkata Knight Riders,Sunrisers Hyderabad,Sunrisers Hyderabad,field,"Brabourne Stadium, Mumbai",Sunrisers Hyderabad,wickets,7.0,176.0
15,Royal Challengers Bangalore,Delhi Capitals,Delhi Capitals,field,"Wankhede Stadium, Mumbai",Royal Challengers Bangalore,runs,18.0,200.0
15,Lucknow Super Giants,Mumbai Indians,Mumbai Indians,field,"Brabourne Stadium, Mumbai",Lucknow Super Giants,runs,16.0,190.0
15,Punjab Kings,Sunrisers Hyderabad,Sunrisers Hyderabad,field,"Dr DY Patil Sports Academy, Mumbai",Sunrisers Hyderabad,wickets,7.0,152.0
15,Chennai Super Kings,Gujarat Titans,Gujarat Titans,field,"Maharashtra Cricket Association Stadium, Pune",Gujarat Titans,wickets,3.0,170.0
15,Rajasthan Royals,Kolkata Knight Riders,Kolkata Knight Riders,field,"Brabourne Stadium, Mumbai",Rajasthan Royals,runs,7.0,218.0
15,Royal Challengers Bangalore,Lucknow Super Giants,Lucknow Super Giants,field,"Dr DY Patil Sports Academy, Mumbai",Royal Challengers Bangalore,runs,18.0,182.0
15,Punjab Kings,Delhi Capitals,Delhi Capitals,field,"Brabourne Stadium, Mumbai",Delhi Capitals,wickets,9.0,116.0
15,Mumbai Indians,Chennai Super Kings,Chennai Super Kings,field,"Dr DY Patil Sports Academy, Mumbai",Chennai Super Kings,wickets,3.0,156.0
15,Rajasthan Royals,Delhi Capitals,Delhi Capitals,field,"Wankhede Stadium, Mumbai",Rajasthan Royals,runs,15.0,223.0
15,Royal Challengers Bangalore,Sunrisers Hyderabad,Sunrisers Hyderabad,field,"Brabourne Stadium, Mumbai",Sunrisers Hyderabad,runs,8.0,157.0
15,Gujarat Titans,Kolkata Knight Riders,Gujarat Titans,bat,"Dr DY Patil Sports Academy, Mumbai",Gujarat Titans,wickets,9.0,69.0
15,Lucknow Super Giants,Mumbai Indians,Mumbai Indians,field,"Wankhede Stadium, Mumbai",Lucknow Super Giants,runs,36.0,169.0
15,Punjab Kings,Chennai Super Kings,Chennai Super Kings,field,"Wankhede Stadium, Mumbai",Punjab Kings,runs,11.0,188.0
15,Rajasthan Royals,Royal Challengers Bangalore,Royal Challengers Bangalore,field,"Maharashtra Cricket Association Stadium, Pune",Rajasthan Royals,runs,29.0,145.0
15,Sunrisers Hyderabad,Gujarat Titans,Gujarat Titans,field,"Wankhede Stadium, Mumbai",Gujarat Titans,wickets,5.0,196.0
15,Kolkata Knight Riders,Delhi Capitals,Delhi Capitals,field,"Wankhede Stadium, Mumbai",Delhi Capitals,wickets,4.0,147.0
15,Lucknow Super Giants,Punjab Kings,Punjab Kings,field,"Maharashtra Cricket Association Stadium, Pune",Lucknow Super Giants,runs,20.0,154.0
15,Royal Challengers Bangalore,Gujarat Titans,Royal Challengers Bangalore,bat,"Brabourne Stadium, Mumbai",Gujarat Titans,wickets,6.0,171.0
15,Rajasthan Royals,Mumbai Indians,Mumbai Indians,field,"Dr DY Patil Sports Academy, Mumbai",Mumbai Indians,wickets,5.0,159.0
15,Lucknow Super Giants,Delhi Capitals,Lucknow Super Giants,bat,"Wankhede Stadium, Mumbai",Lucknow Super Giants,runs,6.0,196.0
15,Chennai Super Kings,Sunrisers Hyderabad,Sunrisers Hyderabad,field,"Maharashtra Cricket Association Stadium, Pune",Chennai Super Kings,runs,13.0,203.0
15,Rajasthan Royals,Kolkata Knight Riders,Kolkata Knight Riders,field,"Wankhede Stadium, Mumbai",Kolkata Knight Riders,wickets,7.0,153.0
15,Gujarat Titans,Punjab Kings,Gujarat Titans,bat,"Dr DY Patil Sports Academy, Mumbai",Punjab Kings,wickets,8.0,144.0
15,Royal Challengers Bangalore,Chennai Super Kings,Chennai Super Kings,field,"Maharashtra Cricket Association Stadium, Pune",Royal Challengers Bangalore,runs,13.0,174.0
15,Delhi Capitals,Sunrisers Hyderabad,Sunrisers Hyderabad,field,"Brabourne Stadium, Mumbai",Delhi Capitals,runs,21.0,208.0
15,Mumbai Indians,Gujarat Titans,Gujarat Titans,field,"Brabourne Stadium, Mumbai",Mumbai Indians,runs,5.0,178.0
15,Lucknow Super Giants,Kolkata Knight Riders,Kolkata Knight Riders,field,"Maharashtra Cricket Association Stadium, Pune",Lucknow Super Giants,wickets,6.0,190.0
15,Punjab Kings,Rajasthan Royals,Punjab Kings,bat,"Wankhede Stadium, Mumbai",Rajasthan Royals,runs,75.0,177.0
15,Chennai Super Kings,Delhi Capitals,Delhi Capitals,field,"Dr DY Patil Sports Academy, Mumbai",Chennai Super Kings,runs,67.0,193.0
15,Royal Challengers Bangalore,Sunrisers Hyderabad,Royal Challengers Bangalore,bat,"Wankhede Stadium, Mumbai",Royal Challengers Bangalore,runs,91.0,209.0
15,Kolkata Knight Riders,Mumbai Indians,Mumbai Indians,field,"Dr DY Patil Sports Academy, Mumbai",Kolkata Knight Riders,runs,52.0,166.0
15,Gujarat Titans,Lucknow Super Giants,Gujarat Titans,bat,"Maharashtra Cricket Association Stadium, Pune",Gujarat Titans,runs,62.0,145.0
15,Rajasthan Royals,Delhi Capitals,Delhi Capitals,field,"Dr DY Patil Sports Academy, Mumbai",Delhi Capitals,wickets,8.0,161.0
15,Chennai Super Kings,Mumbai Indians,Mumbai Indians,field,"Wankhede Stadium, Mumbai",Mumbai Indians,wickets,5.0,98.0
15,Punjab Kings,Royal Challengers Bangalore,Royal Challengers Bangalore,field,"Brabourne Stadium, Mumbai",Punjab Kings,runs,54.0,210.0
15,Kolkata Knight Riders,Sunrisers Hyderabad,Kolkata Knight Riders,bat,"Maharashtra Cricket Association Stadium, Pune",Kolkata Knight Riders,runs,54.0,178.0
15,Rajasthan Royals,Lucknow Super Giants,Rajasthan Royals,bat,"Brabourne Stadium, Mumbai",Rajasthan Royals,wickets,7.0,134.0
15,Chennai Super Kings,Gujarat Titans,Chennai Super Kings,bat,"Wankhede Stadium, Mumbai",Gujarat Titans,runs,24.0,179.0
15,Delhi Capitals,Punjab Kings,Punjab Kings,field,"Dr DY Patil Sports Academy, Mumbai",Delhi Capitals,runs,17.0,160.0
15,Sunrisers Hyderabad,Mumbai Indians,Mumbai Indians,field,"Wankhede Stadium, Mumbai",Sunrisers Hyderabad,runs,3.0,194.0
15,Lucknow Super Giants,Kolkata Knight Riders,Lucknow Super Giants,bat,"Dr DY Patil Sports Academy, Mumbai",Lucknow Super Giants,runs,2.0,211.0
15,Gujarat Titans,Royal Challengers Bangalore,Gujarat Titans,bat,"Wankhede Stadium, Mumbai",Royal Challengers Bangalore,wickets,8.0,169.0
15,Chennai Super Kings,Rajasthan Royals,Chennai Super Kings,bat,"Brabourne Stadium, Mumbai",Rajasthan Royals,wickets,5.0,151.0
15,Delhi Capitals,Mumbai Indians,Mumbai Indians,field,"Wankhede Stadium, Mumbai",Mumbai Indians,wickets,5.0,160.0
15,Sunrisers Hyderabad,Punjab Kings,Sunrisers Hyderabad,bat,"Wankhede Stadium, Mumbai",Punjab Kings,wickets,5.0,158.0
15,Rajasthan Royals,Gujarat Titans,Gujarat Titans,field,"Eden Gardens, Kolkata",Gujarat Titans,wickets,7.0,189.0
15,Royal Challengers Bangalore,Lucknow Super Giants,Lucknow Super Giants,field,"Eden Gardens, Kolkata",Royal Challengers Bangalore,runs,14.0,208.0
15,Royal Challengers Bangalore,Rajasthan Royals,Rajasthan Royals,field,"Narendra Modi Stadium, Ahmedabad",Rajasthan Royals,wickets,7.0,158.0
15,Rajasthan Royals,Gujarat Titans,Rajasthan Royals,bat,"Narendra Modi Stadium, Ahmedabad",Gujarat Titans,wickets,7.0,131.0
16,Chennai Super Kings,Gujarat Titans,Gujarat Titans,field,"Narendra Modi Stadium, Ahmedabad",Gujarat Titans,wickets,5.0,179.0
16,Punjab Kings,Kolkata Knight Riders,Kolkata Knight Riders,field,"Punjab Cricket Association IS Bindra Stadium, Mohali, Chandigarh",Punjab Kings,runs,7.0,154.0
16,Lucknow Super Giants,Delhi Capitals,Delhi Capitals,field,"Bharat Ratna Shri Atal Bihari Vajpayee Ekana Cricket Stadium, Lucknow",Lucknow Super Giants,runs,50.0,194.0
16,Rajasthan Royals,Sunrisers Hyderabad,Sunrisers Hyderabad,field,"Rajiv Gandhi International Stadium, Uppal, Hyderabad",Rajasthan Royals,runs,72.0,204.0
16,Mumbai Indians,Royal Challengers Bangalore,Royal Challengers Bangalore,field,"M Chinnaswamy Stadium, Bengaluru",Royal Challengers Bangalore,wickets,8.0,172.0
16,Chennai Super Kings,Lucknow Super Giants,Lucknow Super Giants,field,"MA Chidambaram Stadium, Chepauk, Chennai",Chennai Super Kings,runs,12.0,218.0
16,Delhi Capitals,Gujarat Titans,Gujarat Titans,field,"Arun Jaitley Stadium, Delhi",Gujarat Titans,wickets,6.0,163.0
16,Punjab Kings,Rajasthan Royals,Rajasthan Royals,field,"Barsapara Cricket Stadium, Guwahati",Punjab Kings,runs,5.0,198.0
16,Kolkata Knight Riders,Royal Challengers Bangalore,Royal Challengers Bangalore,field,"Eden Gardens, Kolkata",Kolkata Knight Riders,runs,81.0,205.0
16,Sunrisers Hyderabad,Lucknow Super Giants,Sunrisers Hyderabad,bat,"Bharat Ratna Shri Atal Bihari Vajpayee Ekana Cricket Stadium, Lucknow",Lucknow Super Giants,wickets,5.0,122.0
16,Rajasthan Royals,Delhi Capitals,Delhi Capitals,field,"Barsapara Cricket Stadium, Guwahati",Rajasthan Royals,runs,57.0,200.0
16,Mumbai Indians,Chennai Super Kings,Chennai Super Kings,field,"Wankhede Stadium, Mumbai",Chennai Super Kings,wickets,7.0,158.0
16,Punjab Kings,Sunrisers Hyderabad,Sunrisers Hyderabad,field,"Rajiv Gandhi International Stadium, Uppal, Hyderabad",Sunrisers Hyderabad,wickets,3.0,205.0
16,Gujarat Titans,Kolkata Knight Riders,Gujarat Titans,bat,"Narendra Modi Stadium, Ahmedabad",Kolkata Knight Riders,wickets,8.0,144.0
16,Royal Challengers Bangalore,Lucknow Super Giants,Lucknow Super Giants,field,"M Chinnaswamy Stadium, Bengaluru",Lucknow Super Giants,wickets,1.0,213.0
16,Delhi Capitals,Mumbai Indians,Mumbai Indians,field,"Arun Jaitley Stadium, Delhi",Mumbai Indians,wickets,6.0,173.0
16,Rajasthan Royals,Chennai Super Kings,Chennai Super Kings,field,"MA Chidambaram Stadium, Chepauk, Chennai",Rajasthan Royals,runs,3.0,176.0
16,Punjab Kings,Gujarat Titans,Gujarat Titans,field,"Punjab Cricket Association IS Bindra Stadium, Mohali, Chandigarh",Gujarat Titans,wickets,6.0,154.0
16,Sunrisers Hyderabad,Kolkata Knight Riders,Kolkata Knight Riders,field,"Eden Gardens, Kolkata",Sunrisers Hyderabad,runs,23.0,229.0
16,Royal Challengers Bangalore,Delhi Capitals,Delhi Capitals,field,"M Chinnaswamy Stadium, Bengaluru",Royal Challengers Bangalore,runs,23.0,175.0
16,Lucknow Super Giants,Punjab Kings,Punjab Kings,field,"Bharat Ratna Shri Atal Bihari Vajpayee Ekana Cricket Stadium, Lucknow",Punjab Kings,wickets,2.0,160.0
16,Kolkata Knight Riders,Mumbai Indians,Mumbai Indians,field,"Wankhede Stadium, Mumbai",Mumbai Indians,wickets,5.0,186.0
16,Gujarat Titans,Rajasthan Royals,Rajasthan Royals,field,"Narendra Modi Stadium, Ahmedabad",Rajasthan Royals,wickets,3.0,178.0
16,Chennai Super Kings,Royal Challengers Bangalore,Royal Challengers Bangalore,field,"M Chinnaswamy Stadium, Bengaluru",Chennai Super Kings,runs,8.0,227.0
16,Mumbai Indians,Sunrisers Hyderabad,Sunrisers Hyderabad,field,"Rajiv Gandhi International Stadium, Uppal, Hyderabad",Mumbai Indians,runs,14.0,193.0
16,Lucknow Super Giants,Rajasthan Royals,Rajasthan Royals,field,"Sawai Mansingh Stadium, Jaipur",Lucknow Super Giants,runs,10.0,155.0
16,Royal Challengers Bangalore,Punjab Kings,Punjab Kings,field,"Punjab Cricket Association IS Bindra Stadium, Mohali, Chandigarh",Royal Challengers Bangalore,runs,24.0,175.0
16,Kolkata Knight Riders,Delhi Capitals,Delhi Capitals,field,"Arun Jaitley Stadium, Delhi",Delhi Capitals,wickets,4.0,128.0
16,Sunrisers Hyderabad,Chennai Super Kings,Chennai Super Kings,field,"MA Chidambaram Stadium, Chepauk, Chennai",Chennai Super Kings,wickets,7.0,135.0
16,Punjab Kings,Mumbai Indians,Mumbai Indians,field,"Wankhede Stadium, Mumbai",Punjab Kings,runs,7.0,136.0
16,Gujarat Titans,Lucknow Super Giants,Gujarat Titans,bat,"Bharat Ratna Shri Atal Bihari Vajpayee Ekana Cricket Stadium, Lucknow",Gujarat Titans,runs,13.0,215.0
16,Royal Challengers Bangalore,Rajasthan Royals,Rajasthan Royals,field,"M Chinnaswamy Stadium, Bengaluru",Royal Challengers Bangalore,runs,7.0,190.0
16,Chennai Super Kings,Kolkata Knight Riders,Kolkata Knight Riders,field,"Eden Gardens, Kolkata",Chennai Super Kings,runs,49.0,236.0
16,Delhi Capitals,Sunrisers Hyderabad,Delhi Capitals,bat,"Rajiv Gandhi International Stadium, Uppal, Hyderabad",Delhi Capitals,runs,7.0,145.0
16,Gujarat Titans,Mumbai Indians,Mumbai Indians,field,"Narendra Modi Stadium, Ahmedabad",Gujarat Titans,runs,55.0,208.0
16,Kolkata Knight Riders,Royal Challengers Bangalore,Royal Challengers Bangalore,field,"M Chinnaswamy Stadium, Bengaluru",Kolkata Knight Riders,runs,21.0,201.0
16,Rajasthan Royals,Chennai Super Kings,Rajasthan Royals,bat,"Sawai Mansingh Stadium, Jaipur",Rajasthan Royals,runs,32.0,203.0
16,Lucknow Super Giants,Punjab Kings,Punjab Kings,field,"Punjab Cricket Association IS Bindra Stadium, Mohali, Chandigarh",Lucknow Super Giants,runs,56.0,258.0
16,Sunrisers Hyderabad,Delhi Capitals,Sunrisers Hyderabad,bat,"Arun Jaitley Stadium, Delhi",Sunrisers Hyderabad,wickets,7.0,180.0
16,Kolkata Knight Riders,Gujarat Titans,Gujarat Titans,field,"Eden Gardens, Kolkata",Gujarat Titans,runs,9.0,198.0
16,Rajasthan Royals,Mumbai Indians,Rajasthan Royals,bat,"Wankhede Stadium, Mumbai",Mumbai Indians,wickets,4.0,201.0
16,Chennai Super Kings,Punjab Kings,Chennai Super Kings,bat,"MA Chidambaram Stadium, Chepauk, Chennai",Punjab Kings,wickets,6.0,213.0
16,Royal Challengers Bangalore,Lucknow Super Giants,Royal Challengers Bangalore,bat,"Bharat Ratna Shri Atal Bihari Vajpayee Ekana Cricket Stadium, Lucknow",Royal Challengers Bangalore,runs,18.0,127.0
16,Delhi Capitals,Gujarat Titans,Delhi Capitals,bat,"Narendra Modi Stadium, Ahmedabad",Delhi Capitals,runs,5.0,131.0
16,Lucknow Super Giants,Chennai Super Kings,Chennai Super Kings,field,"Bharat Ratna Shri Atal Bihari Vajpayee Ekana Cricket Stadium, Lucknow",,no result,,
16,Punjab Kings,Mumbai Indians,Mumbai Indians,field,"Punjab Cricket Association IS Bindra Stadium, Mohali, Chandigarh",Mumbai Indians,wickets,6.0,215.0
16,Kolkata Knight Riders,Sunrisers Hyderabad,Kolkata Knight Riders,bat,"Rajiv Gandhi International Stadium, Uppal, Hyderabad",Kolkata Knight Riders,runs,5.0,172.0
16,Rajasthan Royals,Gujarat Titans,Rajasthan Royals,bat,"Sawai Mansingh Stadium, Jaipur",Gujarat Titans,wickets,9.0,119.0
16,Royal Challengers Bangalore,Delhi Capitals,Royal Challengers Bangalore,bat,"Arun Jaitley Stadium, Delhi",Delhi Capitals,wickets,6.0,140.0
16,Mumbai Indians,Chennai Super Kings,Chennai Super Kings,field,"MA Chidambaram Stadium, Chepauk, Chennai",Chennai Super Kings,wickets,7.0,182.0
16,Gujarat Titans,Lucknow Super Giants,Lucknow Super Giants,field,"Narendra Modi Stadium, Ahmedabad",Gujarat Titans,runs,56.0,228.0
16,Rajasthan Royals,Sunrisers Hyderabad,Rajasthan Royals,bat,"Sawai Mansingh Stadium, Jaipur",Sunrisers Hyderabad,wickets,4.0,215.0
16,Punjab Kings,Kolkata Knight Riders,Punjab Kings,bat,"Eden Gardens, Kolkata",Kolkata Knight Riders,wickets,5.0,180.0
16,Royal Challengers Bangalore,Mumbai Indians,Mumbai Indians,field,"Wankhede Stadium, Mumbai",Mumbai Indians,wickets,6.0,200.0
16,Chennai Super Kings,Delhi Capitals,Chennai Super Kings,bat,"MA Chidambaram Stadium, Chepauk, Chennai",Chennai Super Kings,runs,27.0,168.0
16,Kolkata Knight Riders,Rajasthan Royals,Rajasthan Royals,field,"Eden Gardens, Kolkata",Rajasthan Royals,wickets,9.0,150.0
16,Mumbai Indians,Gujarat Titans,Gujarat Titans,field,"Wankhede Stadium, Mumbai",Mumbai Indians,runs,27.0,219.0
16,Punjab Kings,Delhi Capitals,Delhi Capitals,field,"Arun Jaitley Stadium, Delhi",Punjab Kings,wickets,7.0,183.0
16,Sunrisers Hyderabad,Lucknow Super Giants,Sunrisers Hyderabad,bat,"Rajiv Gandhi International Stadium, Uppal, Hyderabad",Lucknow Super Giants,runs,31.0,168.0
16,Chennai Super Kings,Kolkata Knight Riders,Chennai Super Kings,bat,"MA Chidambaram Stadium, Chepauk, Chennai",Kolkata Knight Riders,runs,112.0,172.0
16,Royal Challengers Bangalore,Rajasthan Royals,Royal Challengers Bangalore,bat,"Sawai Mansingh Stadium, Jaipur",Royal Challengers Bangalore,wickets,6.0,145.0
16,Gujarat Titans,Sunrisers Hyderabad,Sunrisers Hyderabad,field,"Narendra Modi Stadium, Ahmedabad",Gujarat Titans,runs,34.0,189.0
16,Lucknow Super Giants,Mumbai Indians,Mumbai Indians,field,"Bharat Ratna Shri Atal Bihari Vajpayee Ekana Cricket Stadium, Lucknow",Lucknow Super Giants,runs,5.0,178.0
16,Delhi Capitals,Punjab Kings,Punjab Kings,field,"Himachal Pradesh Cricket Association Stadium, Dharamsala",Delhi Capitals,runs,15.0,214.0
16,Sunrisers Hyderabad,Royal Challengers Bangalore,Royal Challengers Bangalore,field,"Rajiv Gandhi International Stadium, Uppal, Hyderabad",Royal Challengers Bangalore,wickets,8.0,187.0
16,Punjab Kings,Rajasthan Royals,Rajasthan Royals,field,"Himachal Pradesh Cricket Association Stadium, Dharamsala",Rajasthan Royals,wickets,4.0,188.0
16,Chennai Super Kings,Delhi Capitals,Chennai Super Kings,bat,"Arun Jaitley Stadium, Delhi",Chennai Super Kings,runs,77.0,224.0
16,Lucknow Super Giants,Kolkata Knight Riders,Kolkata Knight Riders,field,"Eden Gardens, Kolkata",Lucknow Super Giants,runs,1.0,177.0
16,Royal Challengers Bangalore,Gujarat Titans,Gujarat Titans,field,"M Chinnaswamy Stadium, Bengaluru",Gujarat Titans,wickets,8.0,201.0
16,Sunrisers Hyderabad,Mumbai Indians,Mumbai Indians,field,"Wankhede Stadium, Mumbai",Mumbai Indians,wickets,6.0,198.0
16,Chennai Super Kings,Gujarat Titans,Gujarat Titans,field,"MA Chidambaram Stadium, Chepauk, Chennai",Chennai Super Kings,runs,15.0,173.0
16,Mumbai Indians,Lucknow Super Giants,Mumbai Indians,bat,"MA Chidambaram Stadium, Chepauk, Chennai",Mumbai Indians,runs,81.0,183.0
16,Gujarat Titans,Mumbai Indians,Mumbai Indians,field,"Narendra Modi Stadium, Ahmedabad",Gujarat Titans,runs,62.0,234.0
16,Gujarat Titans,Chennai Super Kings,Chennai Super Kings,field,"Narendra Modi Stadium, Ahmedabad",Chennai Super Kings,wickets,5.0,171.0
17,Royal Challengers Bengaluru,Chennai Super Kings,Royal Challengers Bengaluru,bat,"MA Chidambaram Stadium, Chepauk, Chennai",Chennai Super Kings,wickets,6.0,174.0
17,Kolkata Knight Riders,Sunrisers Hyderabad,Sunrisers Hyderabad,field,"Eden Gardens, Kolkata",Kolkata Knight Riders,wickets,4.0,175.0
17,Delhi Capitals,Punjab Kings,Punjab Kings,field,"Maharaja Yadavindra Singh International Cricket Stadium, Mullanpur",Punjab Kings,runs,4.0,209.0
17,Rajasthan Royals,Lucknow Super Giants,Rajasthan Royals,bat,"Sawai Mansingh Stadium, Jaipur",Rajasthan Royals,runs,20.0,194.0
17,Gujarat Titans,Mumbai Indians,Mumbai Indians,field,"Narendra Modi Stadium, Ahmedabad",Gujarat Titans,runs,6.0,169.0
17,Punjab Kings,Royal Challengers Bengaluru,Royal Challengers Bengaluru,field,"M Chinnaswamy Stadium, Bengaluru",Royal Challengers Bengaluru,wickets,4.0,177.0
17,Chennai Super Kings,Gujarat Titans,Gujarat Titans,field,"MA Chidambaram Stadium, Chepauk, Chennai",Chennai Super Kings,runs,63.0,207.0
17,Sunrisers Hyderabad,Mumbai Indians,Mumbai Indians,field,"Rajiv Gandhi International Stadium, Uppal, Hyderabad",Sunrisers Hyderabad,runs,31.0,278.0
17,Rajasthan Royals,Delhi Capitals,Delhi Capitals,field,"Sawai Mansingh Stadium, Jaipur",Rajasthan Royals,runs,12.0,186.0
17,Royal Challengers Bengaluru,Kolkata Knight Riders,Kolkata Knight Riders,field,"M Chinnaswamy Stadium, Bengaluru",Kolkata Knight Riders,wickets,7.0,183.0
17,Lucknow Super Giants,Punjab Kings,Lucknow Super Giants,bat,"Bharat Ratna Shri Atal Bihari Vajpayee Ekana Cricket Stadium, Lucknow",Lucknow Super Giants,runs,21.0,200.0
17,Sunrisers Hyderabad,Gujarat Titans,Sunrisers Hyderabad,bat,"Narendra Modi Stadium, Ahmedabad",Gujarat Titans,wickets,7.0,163.0
17,Delhi Capitals,Chennai Super Kings,Delhi Capitals,bat,"Dr. Y.S. Rajasekhara Reddy ACA-VDCA Cricket Stadium, Visakhapatnam",Delhi Capitals,runs,20.0,192.0
17,Mumbai Indians,Rajasthan Royals,Rajasthan Royals,field,"Wankhede Stadium, Mumbai",Rajasthan Royals,wickets,6.0,126.0
17,Lucknow Super Giants,Royal Challengers Bengaluru,Royal Challengers Bengaluru,field,"M Chinnaswamy Stadium, Bengaluru",Lucknow Super Giants,runs,28.0,182.0
17,Kolkata Knight Riders,Delhi Capitals,Kolkata Knight Riders,bat,"Dr. Y.S. Rajasekhara Reddy ACA-VDCA Cricket Stadium, Visakhapatnam",Kolkata Knight Riders,runs,106.0,273.0
17,Gujarat Titans,Punjab Kings,Punjab Kings,field,"Narendra Modi Stadium, Ahmedabad",Punjab Kings,wickets,3.0,200.0
17,Chennai Super Kings,Sunrisers Hyderabad,Sunrisers Hyderabad,field,"Rajiv Gandhi International Stadium, Uppal, Hyderabad",Sunrisers Hyderabad,wickets,6.0,166.0
17,Royal Challengers Bengaluru,Rajasthan Royals,Rajasthan Royals,field,"Sawai Mansingh Stadium, Jaipur",Rajasthan Royals,wickets,6.0,184.0
17,Lucknow Super Giants,Gujarat Titans,Lucknow Super Giants,bat,"Bharat Ratna Shri Atal Bihari Vajpayee Ekana Cricket Stadium, Lucknow",Lucknow Super Giants,runs,29.0,235.0
17,Mumbai Indians,Delhi Capitals,Delhi Capitals,field,"Wankhede Stadium, Mumbai",Mumbai Indians,runs,33.0,164.0
17,Kolkata Knight Riders,Chennai Super Kings,Chennai Super Kings,field,"MA Chidambaram Stadium, Chepauk, Chennai",Chennai Super Kings,wickets,7.0,138.0
17,Sunrisers Hyderabad,Punjab Kings,Punjab Kings,field,"Maharaja Yadavindra Singh International Cricket Stadium, Mullanpur",Sunrisers Hyderabad,runs,2.0,183.0
17,Rajasthan Royals,Gujarat Titans,Gujarat Titans,field,"Sawai Mansingh Stadium, Jaipur",Gujarat Titans,wickets,3.0,197.0
17,Royal Challengers Bengaluru,Mumbai Indians,Mumbai Indians,field,"Wankhede Stadium, Mumbai",Mumbai Indians,wickets,7.0,197.0
17,Lucknow Super Giants,Delhi Capitals,Lucknow Super Giants,bat,"Bharat Ratna Shri Atal Bihari Vajpayee Ekana Cricket Stadium, Lucknow",Delhi Capitals,wickets,6.0,168.0
17,Punjab Kings,Rajasthan Royals,Rajasthan Royals,field,"Maharaja Yadavindra Singh International Cricket Stadium, Mullanpur",Rajasthan Royals,wickets,3.0,148.0
17,Chennai Super Kings,Mumbai Indians,Mumbai Indians,field,"Wankhede Stadium, Mumbai",Chennai Super Kings,wickets,8.0,162.0
17,Lucknow Super Giants,Kolkata Knight Riders,Kolkata Knight Riders,field,"Eden Gardens, Kolkata",Kolkata Knight Riders,runs,20.0,207.0
17,Sunrisers Hyderabad,Royal Challengers Bengaluru,Royal Challengers Bengaluru,field,"M Chinnaswamy Stadium, Bengaluru",Sunrisers Hyderabad,runs,25.0,288.0
17,Kolkata Knight Riders,Rajasthan Royals,Rajasthan Royals,field,"Eden Gardens, Kolkata",Rajasthan Royals,wickets,2.0,224.0
17,Gujarat Titans,Delhi Capitals,Delhi Capitals,field,"Narendra Modi Stadium, Ahmedabad",Delhi Capitals,wickets,6.0,90.0
17,Mumbai Indians,Punjab Kings,Punjab Kings,field,"Maharaja Yadavindra Singh International Cricket Stadium, Mullanpur",Mumbai Indians,runs,9.0,193.0
17,Chennai Super Kings,Lucknow Super Giants,Lucknow Super Giants,field,"Bharat Ratna Shri Atal Bihari Vajpayee Ekana Cricket Stadium, Lucknow",Lucknow Super Giants,wickets,8.0,177.0
17,Sunrisers Hyderabad,Delhi Capitals,Delhi Capitals,field,"Arun Jaitley Stadium, Delhi",Sunrisers Hyderabad,runs,67.0,267.0
17,Kolkata Knight Riders,Royal Challengers Bengaluru,Royal Challengers Bengaluru,field,"Eden Gardens, Kolkata",Kolkata Knight Riders,runs,1.0,223.0
17,Punjab Kings,Gujarat Titans,Punjab Kings,bat,"Maharaja Yadavindra Singh International Cricket Stadium, Mullanpur",Gujarat Titans,wickets,3.0,143.0
17,Mumbai Indians,Rajasthan Royals,Mumbai Indians,bat,"Sawai Mansingh Stadium, Jaipur",Rajasthan Royals,wickets,9.0,180.0
17,Chennai Super Kings,Lucknow Super Giants,Lucknow Super Giants,field,"MA Chidambaram Stadium, Chepauk, Chennai",Lucknow Super Giants,wickets,6.0,211.0
17,Delhi Capitals,Gujarat Titans,Gujarat Titans,field,"Arun Jaitley Stadium, Delhi",Delhi Capitals,runs,4.0,225.0
17,Royal Challengers Bengaluru,Sunrisers Hyderabad,Royal Challengers Bengaluru,bat,"Rajiv Gandhi International Stadium, Uppal, Hyderabad",Royal Challengers Bengaluru,runs,35.0,207.0
17,Kolkata Knight Riders,Punjab Kings,Punjab Kings,field,"Eden Gardens, Kolkata",Punjab Kings,wickets,8.0,262.0
17,Lucknow Super Giants,Rajasthan Royals,Rajasthan Royals,field,"Bharat Ratna Shri Atal Bihari Vajpayee Ekana Cricket Stadium, Lucknow",Rajasthan Royals,runs,10.0,258.0
17,Delhi Capitals,Mumbai Indians,Mumbai Indians,field,"Arun Jaitley Stadium, Delhi",Delhi Capitals,wickets,7.0,197.0
17,Chennai Super Kings,Sunrisers Hyderabad,Sunrisers Hyderabad,field,"MA Chidambaram Stadium, Chepauk, Chennai",Chennai Super Kings,wickets,9.0,201.0
17,Gujarat Titans,Royal Challengers Bengaluru,Royal Challengers Bengaluru,field,"Narendra Modi Stadium, Ahmedabad",Royal Challengers Bengaluru,runs,78.0,213.0
17,Delhi Capitals,Kolkata Knight Riders,Delhi Capitals,bat,"Eden Gardens, Kolkata",Kolkata Knight Riders,wickets,7.0,154.0
17,Mumbai Indians,Lucknow Super Giants,Lucknow Super Giants,field,"Bharat Ratna Shri Atal Bihari Vajpayee Ekana Cricket Stadium, Lucknow",Lucknow Super Giants,wickets,4.0,145.0
17,Chennai Super Kings,Punjab Kings,Punjab Kings,field,"MA Chidambaram Stadium, Chepauk, Chennai",Punjab Kings,wickets,7.0,163.0
17,Sunrisers Hyderabad,Rajasthan Royals,Sunrisers Hyderabad,bat,"Rajiv Gandhi International Stadium, Uppal, Hyderabad",Sunrisers Hyderabad,runs,1.0,202.0
17,Kolkata Knight Riders,Mumbai Indians,Mumbai Indians,field,"Wankhede Stadium, Mumbai",Kolkata Knight Riders,runs,24.0,170.0
17,Gujarat Titans,Royal Challengers Bengaluru,Royal Challengers Bengaluru,field,"M Chinnaswamy Stadium, Bengaluru",Royal Challengers Bengaluru,wickets,4.0,148.0
17,Kolkata Knight Riders,Lucknow Super Giants,Lucknow Super Giants,field,"Bharat Ratna Shri Atal Bihari Vajpayee Ekana Cricket Stadium, Lucknow",Kolkata Knight Riders,runs,28.0,168.0
17,Chennai Super Kings,Punjab Kings,Punjab Kings,field,"Himachal Pradesh Cricket Association Stadium, Dharamsala",Chennai Super Kings,runs,98.0,236.0
17,Sunrisers Hyderabad,Mumbai Indians,Mumbai Indians,field,"Wankhede Stadium, Mumbai",Mumbai Indians,wickets,7.0,174.0
17,Delhi Capitals,Rajasthan Royals,Rajasthan Royals,field,"Arun Jaitley Stadium, Delhi",Delhi Capitals,runs,20.0,222.0
17,Lucknow Super Giants,Sunrisers Hyderabad,Lucknow Super Giants,bat,"Rajiv Gandhi International Stadium, Uppal, Hyderabad",Sunrisers Hyderabad,wickets,10.0,166.0
17,Royal Challengers Bengaluru,Punjab Kings,Punjab Kings,field,"Himachal Pradesh Cricket Association Stadium, Dharamsala",Royal Challengers Bengaluru,runs,60.0,242.0
17,Gujarat Titans,Chennai Super Kings,Chennai Super Kings,field,"Narendra Modi Stadium, Ahmedabad",Gujarat Titans,runs,35.0,232.0
17,Kolkata Knight Riders,Mumbai Indians,Mumbai Indians,field,"Eden Gardens, Kolkata",Kolkata Knight Riders,runs,18.0,158.0
17,Royal Challengers Bengaluru,Delhi Capitals,Delhi Capitals,field,"M Chinnaswamy Stadium, Bengaluru",Royal Challengers Bengaluru,wickets,5.0,142.0
17,Rajasthan Royals,Chennai Super Kings,Rajasthan Royals,bat,"MA Chidambaram Stadium, Chepauk, Chennai",Chennai Super Kings,runs,47.0,188.0
17,Delhi Capitals,Lucknow Super Giants,Lucknow Super Giants,field,"Arun Jaitley Stadium, Delhi",Delhi Capitals,runs,19.0,209.0
17,Rajasthan Royals,Punjab Kings,Rajasthan Royals,bat,"Barsapara Cricket Stadium, Guwahati",Punjab Kings,wickets,5.0,145.0
17,Lucknow Super Giants,Mumbai Indians,Mumbai Indians,field,"Wankhede Stadium, Mumbai",Lucknow Super Giants,runs,18.0,215.0
17,Royal Challengers Bengaluru,Chennai Super Kings,Chennai Super Kings,field,"M Chinnaswamy Stadium, Bengaluru",Royal Challengers Bengaluru,runs,27.0,219.0
17,Punjab Kings,Sunrisers Hyderabad,Punjab Kings,bat,"Rajiv Gandhi International Stadium, Uppal, Hyderabad",Sunrisers Hyderabad,wickets,4.0,215.0
17,Sunrisers Hyderabad,Kolkata Knight Riders,Sunrisers Hyderabad,bat,"Narendra Modi Stadium, Ahmedabad",Kolkata Knight Riders,wickets,8.0,160.0
17,Royal Challengers Bengaluru,Rajasthan Royals,Rajasthan Royals,field,"Narendra Modi Stadium, Ahmedabad",Rajasthan Royals,wickets,4.0,173.0
17,Sunrisers Hyderabad,Rajasthan Royals,Rajasthan Royals,field,"MA Chidambaram Stadium, Chepauk, Chennai",Sunrisers Hyderabad,runs,36.0,176.0
17,Sunrisers Hyderabad,Kolkata Knight Riders,Sunrisers Hyderabad,bat,"MA Chidambaram Stadium, Chepauk, Chennai",Kolkata Knight Riders,wickets,8.0,114.0
18,Kolkata Knight Riders,Royal Challengers Bengaluru,Royal Challengers Bengaluru,field,"Eden Gardens, Kolkata",Royal Challengers Bengaluru,wickets,7.0,175.0
18,Mumbai Indians,Chennai Super Kings,Chennai Super Kings,field,"MA Chidambaram Stadium, Chepauk, Chennai",Chennai Super Kings,runs,44.0,287.0
18,Sunrisers Hyderabad,Rajasthan Royals,Rajasthan Royals,field,"Rajiv Gandhi International Stadium, Uppal, Hyderabad",Sunrisers Hyderabad,wickets,4.0,156.0
18,Lucknow Super Giants,Delhi Capitals,Delhi Capitals,field,"Dr. Y.S. Rajasekhara Reddy ACA-VDCA Cricket Stadium, Visakhapatnam",Delhi Capitals,wickets,1.0,210.0
18,Punjab Kings,Gujarat Titans,Gujarat Titans,field,"Narendra Modi Stadium, Ahmedabad",Punjab Kings,runs,11.0,244.0
18,Rajasthan Royals,Kolkata Knight Riders,Kolkata Knight Riders,field,"Barsapara Cricket Stadium, Guwahati",Kolkata Knight Riders,wickets,8.0,152.0
18,Sunrisers Hyderabad,Lucknow Super Giants,Lucknow Super Giants,field,"Rajiv Gandhi International Stadium, Uppal, Hyderabad",Lucknow Super Giants,wickets,5.0,191.0
18,Royal Challengers Bengaluru,Chennai Super Kings,Chennai Super Kings,field,"MA Chidambaram Stadium, Chepauk, Chennai",Royal Challengers Bengaluru,runs,50.0,197.0
18,Gujarat Titans,Mumbai Indians,Mumbai Indians,field,"Narendra Modi Stadium, Ahmedabad",Gujarat Titans,runs,36.0,197.0
18,Sunrisers Hyderabad,Delhi Capitals,Sunrisers Hyderabad,bat,"Dr. Y.S. Rajasekhara Reddy ACA-VDCA Cricket Stadium, Visakhapatnam",Delhi Capitals,wickets,7.0,164.0
18,Rajasthan Royals,Chennai Super Kings,Chennai Super Kings,field,"Barsapara Cricket Stadium, Guwahati",Rajasthan Royals,runs,6.0,183.0
18,Kolkata Knight Riders,Mumbai Indians,Mumbai Indians,field,"Wankhede Stadium, Mumbai",Mumbai Indians,wickets,8.0,117.0
18,Lucknow Super Giants,Punjab Kings,Punjab Kings,field,"Bharat Ratna Shri Atal Bihari Vajpayee Ekana Cricket Stadium, Lucknow",Punjab Kings,wickets,8.0,172.0
18,Royal Challengers Bengaluru,Gujarat Titans,Gujarat Titans,field,"M Chinnaswamy Stadium, Bengaluru",Gujarat Titans,wickets,8.0,170.0
18,Kolkata Knight Riders,Sunrisers Hyderabad,Sunrisers Hyderabad,field,"Eden Gardens, Kolkata",Kolkata Knight Riders,runs,80.0,201.0
18,Lucknow Super Giants,Mumbai Indians,Mumbai Indians,field,"Bharat Ratna Shri Atal Bihari Vajpayee Ekana Cricket Stadium, Lucknow",Lucknow Super Giants,runs,12.0,204.0
18,Rajasthan Royals,Punjab Kings,Punjab Kings,field,"Maharaja Yadavindra Singh International Cricket Stadium, Mullanpur",Rajasthan Royals,runs,25.0,184.0
18,Delhi Capitals,Chennai Super Kings,Delhi Capitals,bat,"MA Chidambaram Stadium, Chepauk, Chennai",Delhi Capitals,runs,50.0,206.0
18,Sunrisers Hyderabad,Gujarat Titans,Gujarat Titans,field,"Rajiv Gandhi International Stadium, Uppal, Hyderabad",Gujarat Titans,wickets,7.0,153.0
18,Royal Challengers Bengaluru,Mumbai Indians,Mumbai Indians,field,"Wankhede Stadium, Mumbai",Royal Challengers Bengaluru,runs,12.0,222.0
18,Punjab Kings,Chennai Super Kings,Punjab Kings,bat,"Maharaja Yadavindra Singh International Cricket Stadium, Mullanpur",Punjab Kings,runs,4.0,239.0
18,Lucknow Super Giants,Kolkata Knight Riders,Kolkata Knight Riders,field,"Eden Gardens, Kolkata",Lucknow Super Giants,runs,18.0,220.0
18,Gujarat Titans,Rajasthan Royals,Rajasthan Royals,field,"Narendra Modi Stadium, Ahmedabad",Gujarat Titans,runs,58.0,218.0
18,Royal Challengers Bengaluru,Delhi Capitals,Delhi Capitals,field,"M Chinnaswamy Stadium, Bengaluru",Delhi Capitals,wickets,6.0,164.0
18,Chennai Super Kings,Kolkata Knight Riders,Kolkata Knight Riders,field,"MA Chidambaram Stadium, Chepauk, Chennai",Kolkata Knight Riders,wickets,8.0,104.0
18,Gujarat Titans,Lucknow Super Giants,Lucknow Super Giants,field,"Bharat Ratna Shri Atal Bihari Vajpayee Ekana Cricket Stadium, Lucknow",Lucknow Super Giants,wickets,6.0,181.0
18,Punjab Kings,Sunrisers Hyderabad,Punjab Kings,bat,"Rajiv Gandhi International Stadium, Uppal, Hyderabad",Sunrisers Hyderabad,wickets,8.0,246.0
18,Rajasthan Royals,Royal Challengers Bengaluru,Royal Challengers Bengaluru,field,"Sawai Mansingh Stadium, Jaipur",Royal Challengers Bengaluru,wickets,9.0,174.0
18,Mumbai Indians,Delhi Capitals,Delhi Capitals,field,"Arun Jaitley Stadium, Delhi",Mumbai Indians,runs,12.0,206.0
18,Lucknow Super Giants,Chennai Super Kings,Chennai Super Kings,field,"Bharat Ratna Shri Atal Bihari Vajpayee Ekana Cricket Stadium, Lucknow",Chennai Super Kings,wickets,5.0,167.0
18,Punjab Kings,Kolkata Knight Riders,Punjab Kings,bat,"Maharaja Yadavindra Singh International Cricket Stadium, Mullanpur",Punjab Kings,runs,16.0,112.0
18,Delhi Capitals,Rajasthan Royals,Rajasthan Royals,field,"Arun Jaitley Stadium, Delhi",,tie,,189.0
18,Sunrisers Hyderabad,Mumbai Indians,Mumbai Indians,field,"Wankhede Stadium, Mumbai",Mumbai Indians,wickets,4.0,163.0
18,Royal Challengers Bengaluru,Punjab Kings,Punjab Kings,field,"M Chinnaswamy Stadium, Bengaluru",Punjab Kings,wickets,5.0,96.0
18,Delhi Capitals,Gujarat Titans,Gujarat Titans,field,"Narendra Modi Stadium, Ahmedabad",Gujarat Titans,wickets,7.0,204.0
18,Lucknow Super Giants,Rajasthan Royals,Lucknow Super Giants,bat,"Sawai Mansingh Stadium, Jaipur",Lucknow Super Giants,runs,2.0,181.0
18,Punjab Kings,Royal Challengers Bengaluru,Royal Challengers Bengaluru,field,"Maharaja Yadavindra Singh International Cricket Stadium, Mullanpur",Royal Challengers Bengaluru,wickets,7.0,158.0
18,Chennai Super Kings,Mumbai Indians,Mumbai Indians,field,"Wankhede Stadium, Mumbai",Mumbai Indians,wickets,9.0,177.0
18,Gujarat Titans,Kolkata Knight Riders,Kolkata Knight Riders,field,"Eden Gardens, Kolkata",Gujarat Titans,runs,39.0,199.0
18,Lucknow Super Giants,Delhi Capitals,Delhi Capitals,field,"Bharat Ratna Shri Atal Bihari Vajpayee Ekana Cricket Stadium, Lucknow",Delhi Capitals,wickets,8.0,160.0
18,Sunrisers Hyderabad,Mumbai Indians,Mumbai Indians,field,"Rajiv Gandhi International Stadium, Uppal, Hyderabad",Mumbai Indians,wickets,7.0,144.0
18,Royal Challengers Bengaluru,Rajasthan Royals,Rajasthan Royals,field,"M Chinnaswamy Stadium, Bengaluru",Royal Challengers Bengaluru,runs,11.0,206.0
18,Chennai Super Kings,Sunrisers Hyderabad,Sunrisers Hyderabad,field,"MA Chidambaram Stadium, Chepauk, Chennai",Sunrisers Hyderabad,wickets,5.0,155.0
18,Punjab Kings,Kolkata Knight Riders,Punjab Kings,bat,"Eden Gardens, Kolkata",,no result,,
18,Mumbai Indians,Lucknow Super Giants,Lucknow Super Giants,field,"Wankhede Stadium, Mumbai",Mumbai Indians,runs,54.0,216.0
18,Delhi Capitals,Royal Challengers Bengaluru,Royal Challengers Bengaluru,field,"Arun Jaitley Stadium, Delhi",Royal Challengers Bengaluru,wickets,6.0,163.0
18,Gujarat Titans,Rajasthan Royals,Rajasthan Royals,field,"Sawai Mansingh Stadium, Jaipur",Rajasthan Royals,wickets,8.0,210.0
18,Kolkata Knight Riders,Delhi Capitals,Delhi Capitals,field,"Arun Jaitley Stadium, Delhi",Kolkata Knight Riders,runs,14.0,205.0
18,Chennai Super Kings,Punjab Kings,Punjab Kings,field,"MA Chidambaram Stadium, Chepauk, Chennai",Punjab Kings,wickets,4.0,191.0
18,Mumbai Indians,Rajasthan Royals,Rajasthan Royals,field,"Sawai Mansingh Stadium, Jaipur",Mumbai Indians,runs,100.0,218.0
18,Gujarat Titans,Sunrisers Hyderabad,Sunrisers Hyderabad,field,"Narendra Modi Stadium, Ahmedabad",Gujarat Titans,runs,38.0,225.0
18,Royal Challengers Bengaluru,Chennai Super Kings,Chennai Super Kings,field,"M Chinnaswamy Stadium, Bengaluru",Royal Challengers Bengaluru,runs,2.0,214.0
18,Punjab Kings,Lucknow Super Giants,Lucknow Super Giants,field,"Himachal Pradesh Cricket Association Stadium, Dharamsala",Punjab Kings,runs,1.0,207.0
18,Kolkata Knight Riders,Rajasthan Royals,Kolkata Knight Riders,bat,"Eden Gardens, Kolkata",Kolkata Knight Riders,runs,37.0,237.0
18,Delhi Capitals,Sunrisers Hyderabad,Sunrisers Hyderabad,field,"Rajiv Gandhi International Stadium, Uppal, Hyderabad",,no result,,
18,Mumbai Indians,Gujarat Titans,Gujarat Titans,field,"Wankhede Stadium, Mumbai",Gujarat Titans,wickets,3.0,156.0
18,Kolkata Knight Riders,Chennai Super Kings,Kolkata Knight Riders,bat,"Eden Gardens, Kolkata",Chennai Super Kings,wickets,2.0,180.0
18,Punjab Kings,Delhi Capitals,Punjab Kings,bat,"Himachal Pradesh Cricket Association Stadium, Dharamsala",,abandoned,,
18,Delhi Capitals,Gujarat Titans,Gujarat Titans,field,"Arun Jaitley Stadium, Delhi",Gujarat Titans,runs,10.0,220.0
18,Punjab Kings,Rajasthan Royals,Punjab Kings,bat,"Sawai Mansingh Stadium, Jaipur",Punjab Kings,wickets,10.0,200.0
18,Lucknow Super Giants,Sunrisers Hyderabad,Sunrisers Hyderabad,field,"Bharat Ratna Shri Atal Bihari Vajpayee Ekana Cricket Stadium, Lucknow",Sunrisers Hyderabad,wickets,6.0,206.0
18,Chennai Super Kings,Rajasthan Royals,Rajasthan Royals,field,"Arun Jaitley Stadium, Delhi",Rajasthan Royals,wickets,6.0,188.0
18,Mumbai Indians,Delhi Capitals,Delhi Capitals,field,"Wankhede Stadium, Mumbai",Mumbai Indians,runs,59.0,181.0
18,Lucknow Super Giants,Gujarat Titans,Gujarat Titans,field,"Narendra Modi Stadium, Ahmedabad",Lucknow Super Giants,runs,33.0,236.0
18,Sunrisers Hyderabad,Royal Challengers Bengaluru,Royal Challengers Bengaluru,field,"Bharat Ratna Shri Atal Bihari Vajpayee Ekana Cricket Stadium, Lucknow",Sunrisers Hyderabad,runs,42.0,232.0
18,Punjab Kings,Delhi Capitals,Delhi Capitals,field,"Sawai Mansingh Stadium, Jaipur",Delhi Capitals,wickets,6.0,207.0
18,Sunrisers Hyderabad,Kolkata Knight Riders,Sunrisers Hyderabad,bat,"Arun Jaitley Stadium, Delhi",Sunrisers Hyderabad,runs,83.0,231.0
18,Chennai Super Kings,Gujarat Titans,Chennai Super Kings,bat,"Narendra Modi Stadium, Ahmedabad",Chennai Super Kings,runs,110.0,279.0
18,Mumbai Indians,Punjab Kings,Punjab Kings,field,"Sawai Mansingh Stadium, Jaipur",Punjab Kings,wickets,7.0,185.0
18,Lucknow Super Giants,Royal Challengers Bengaluru,Royal Challengers Bengaluru,field,"Bharat Ratna Shri Atal Bihari Vajpayee Ekana Cricket Stadium, Lucknow",Royal Challengers Bengaluru,wickets,6.0,228.0
18,Punjab Kings,Royal Challengers Bengaluru,Royal Challengers Bengaluru,field,"Maharaja Yadavindra Singh International Cricket Stadium, Mullanpur",Royal Challengers Bengaluru,wickets,8.0,102.0
18,Mumbai Indians,Gujarat Titans,Mumbai Indians,bat,"Maharaja Yadavindra Singh International Cricket Stadium, New Chandigarh",Mumbai Indians,runs,20.0,229.0
18,Mumbai Indians,Punjab Kings,Punjab Kings,field,"Narendra Modi Stadium, Ahmedabad",Punjab Kings,wickets,5.0,204.0
18,Royal Challengers Bengaluru,Punjab Kings,Punjab Kings,field,"Narendra Modi Stadium, Ahmedabad",Royal Challengers Bengaluru,runs,6.0,191.0
